T_K,tau_s,P_bar,Y_CH4,X_COx,Y_Csolid,dy_Y_CH4_dk_meth,dy_Y_CH4_dEa_meth,dy_Y_CH4_dk_carb,dy_Y_CH4_dEa_carb,dy_Y_CH4_dk_crack,dy_Y_CH4_dEa_crack,dy_Y_CH4_dn,dy_X_COx_dk_meth,dy_X_COx_dEa_meth,dy_X_COx_dk_carb,dy_X_COx_dEa_carb,dy_X_COx_dk_crack,dy_X_COx_dEa_crack,dy_X_COx_dn,dy_Y_Csolid_dk_meth,dy_Y_Csolid_dEa_meth,dy_Y_Csolid_dk_carb,dy_Y_Csolid_dEa_carb,dy_Y_Csolid_dk_crack,dy_Y_Csolid_dEa_crack,dy_Y_Csolid_dn,wall_s
600.0,1.0,1.01325,0.00019240968352541156,0.0001924096835257405,0.0,5.0527158032318106e-05,-7.791766415341233e-05,0.0001521176693173657,-0.00025805730932920934,-1.0258544641985858e-05,2.5320591343396052e-05,0.0,5.052715802977836e-05,-7.791766424014579e-05,0.00015211766930256498,-0.00025805730933525783,-1.0258544588803709e-05,2.5320591334754283e-05,0.0,0.0,0.0,0.0,0.0,0.0,0.0,0.0,2.9863998889923096
600.0,1.0,5.0,0.02777374377283003,0.027773743772829484,0.0,0.024512022761343042,-0.03779811284105135,0.0020392304211834696,-0.0034594097937773976,-0.0013701892281031691,0.003381942043688673,0.0391472035053194,0.024512022761288832,-0.037798112841153086,0.0020392304211608314,-0.003459409793868384,-0.0013701892280199024,0.003381942043687025,0.039147203505290884,0.0,0.0,0.0,0.0,0.0,0.0,0.0,2.940721273422241
600.0,3.0,1.01325,0.0005769927441263155,0.0005769927441255929,0.0,0.00015140192945008245,-0.0002334760716136264,0.0004560364425046235,-0.0007736347159203614,-3.07520688880476e-05,7.590360756661876e-05,0.0,0.00015140192939633312,-0.00023347607154278194,0.0004560364425088004,-0.0007736347159198464,-3.075206897185101e-05,7.590360750209246e-05,0.0,0.0,0.0,0.0,0.0,0.0,0.0,0.0,2.965606212615967
600.0,3.0,5.0,0.07041456072840786,0.07041456072841012,0.0,0.05246191870326433,-0.08089368823636298,0.0049650099062052006,-0.008422770977675742,-0.0030900137344695017,0.007626816706721855,0.08374207952254409,0.05246191870320327,-0.08089368823644416,0.004965009906321427,-0.008422770977650762,-0.00309001373434703,0.007626816706671202,0.08374207952254298,0.0,0.0,0.0,0.0,0.0,0.0,0.0,2.9665520191192627
600.0,10.0,1.01325,0.001920557056426902,0.0019205570564270191,0.0,0.000502586254910194,-0.0007750349283143422,0.0015164354852165683,-0.002572527258268899,-0.00010223264610925795,0.00025233507667733095,0.0,0.0005025862548996285,-0.0007750349283713877,0.0015164354851882056,-0.0025725272583404513,-0.00010223264625408568,0.00025233507664479404,0.0,0.0,0.0,0.0,0.0,0.0,0.0,0.0,2.9732558727264404
600.0,10.0,5.0,0.15556153791086408,0.15556153791086336,0.0,0.07798052350920445,-0.12023837302308078,0.010801596431200128,-0.018324085678507462,-0.005318567212126563,0.013127299611563613,0.12443406776915938,0.07798052350915796,-0.12023837302309325,0.010801596431186944,-0.018324085678525504,-0.005318567212050929,0.013127299611651044,0.12443406776912913,0.0,1.9102684970073857e-20,0.0,0.0,1.9102684970073854e-20,0.0,-7.641073988029542e-21,2.9037280082702637
625.0,1.0,1.01325,0.0004822816132092615,0.0004822816132070695,0.0,0.00011924064599333224,-8.825182818408074e-05,0.0003971722946828548,-0.0003233477742658477,-3.4330722873655796e-05,4.065672201076983e-05,0.0,0.0001192406460598372,-8.825182823135602e-05,0.0003971722946305434,-0.0003233477742031754,-3.433072288672179e-05,4.065672198627634e-05,0.0,0.0,0.0,0.0,0.0,1.1939178106296158e-21,0.0,0.0,3.0125389099121094
625.0,1.0,5.0,0.058436022673653006,0.058436022673653,0.0,0.0456954588898122,-0.033820823312763135,0.00516445784224176,-0.0042045160137553494,-0.003533785426415581,0.004184938642328231,0.07294980348551486,0.04569545888980231,-0.033820823312799564,0.00516445784233821,-0.0042045160139114746,-0.0035337854264738677,0.004184938642351477,0.0729498034854903,-4.7756712425184634e-21,0.0,4.7756712425184634e-21,0.0,0.0,0.0,0.0,2.9599339962005615
625.0,3.0,1.01325,0.0014453910844258384,0.0014453910844283158,0.0,0.000356696299014074,-0.00026399643375414877,0.0011894433966656588,-0.0009683553549331613,-0.00010279862958724635,0.00012174096323060743,0.0,0.00035669629903645195,-0.00026399643379138027,0.0011894433967207796,-0.0009683553548273105,-0.00010279862961981578,0.00012174096324091277,0.0,0.0,0.0,0.0,0.0,0.0,0.0,0.0,2.941711187362671
625.0,3.0,5.0,0.1282367089428454,0.12823670894284567,0.0,0.07377002748110845,-0.05460050069069008,0.010766076010153974,-0.008764937950461044,-0.00637111316794739,0.007545082364449757,0.11771940218038263,0.07377002748111816,-0.05460050069063804,0.010766076010224057,-0.008764937950475615,-0.006371113167982778,0.007545082364446287,0.11771940218035848,0.0,0.0,0.0,0.0,0.0,0.0,0.0,2.962082862854004
625.0,10.0,1.01325,0.004801080144087436,0.004801080144089642,3.820536994014771e-22,0.0011771294730529742,-0.000871212142080106,0.003940736766409837,-0.0032082527562778303,-0.0003404172414699959,0.0004031446881153436,0.0,0.0011771294729345794,-0.0008712121420922925,0.003940736766405717,-0.003208252756262131,-0.0003404172414983586,0.00040314468792435054,0.0,9.551342485036927e-21,0.0,0.0,0.0,-9.551342485036927e-21,-9.551342485036927e-21,0.0,2.897599935531616
625.0,10.0,5.0,0.2310850571609955,0.23108505716099703,0.0,0.07497001957071439,-0.05548856649412112,0.021143100977208396,-0.01721312915098222,-0.008570916013394408,0.01015024118482255,0.11964155457274722,0.07497001957074423,-0.055488566494099605,0.021143100977183416,-0.017213129151061324,-0.008570916013525554,0.010150241184783693,0.11964155457276804,0.0,0.0,0.0,0.0,0.0,0.0,0.0,2.8884308338165283
650.0,1.0,1.01325,0.0011354554717183918,0.0011354554717177834,9.551342485036928e-23,0.0002650865888150335,0.0,0.0009762148651125499,0.0,-0.00010705438826366697,0.0,0.0,0.00026508658888535486,0.0,0.0009762148652614488,0.0,-0.00010705438828473302,0.0,0.0,0.0,0.0,0.0,0.0,0.0,0.0,0.0,3.0139272212982178
650.0,1.0,5.0,0.10635522523843695,0.10635522523843444,0.0,0.06780311605475986,0.0,0.011079200364024974,0.0,-0.007443178199860803,0.0,0.10820585179365863,0.0678031160547099,0.0,0.011079200364058628,0.0,-0.007443178199903477,0.0,0.10820585179371678,0.0,0.0,0.0,0.0,0.0,0.0,0.0,2.976404905319214
650.0,3.0,1.01325,0.0033984663706656585,0.003398466370661213,0.0,0.0007900842666390255,0.0,0.0029166630978378553,0.0,-0.00031977801701602764,0.0,0.0,0.0007900842665831131,0.0,0.0029166630977545127,0.0,-0.0003197780170965947,0.0,0.0,0.0,0.0,0.0,0.0,0.0,0.0,0.0,2.9435231685638428
650.0,3.0,5.0,0.19681118444597878,0.19681118444597745,0.0,0.07920566121377773,0.0,0.020282948677031315,0.0,-0.010721625703148663,0.0,0.12639219181370925,0.0792056612138714,0.0,0.02028294867692515,0.0,-0.0107216257031445,0.0,0.12639219181369232,0.0,0.0,0.0,0.0,3.820536994014771e-20,0.0,0.0,2.9304370880126953
650.0,10.0,1.01325,0.01123690751935638,0.011236907519357242,0.0,0.0025744542409995245,0.0,0.009583963408577034,0.0,-0.0010499757888139585,0.0,0.0,0.002574454240916735,0.0,0.009583963408524299,0.0,-0.0010499757888110528,0.0,0.0,0.0,0.0,0.0,0.0,0.0,0.0,0.0,2.9095299243927
650.0,10.0,5.0,0.3027582903027446,0.3027582903027476,0.0,0.059156113053922266,0.0,0.040527143652348274,0.0,-0.013386279777502508,0.0,0.09441814513804492,0.059156113053923653,0.0,0.04052714365237742,0.0,-0.013386279777546917,0.0,0.09441814513802549,-7.641073988029541e-20,0.0,0.0,0.0,0.0,0.0,0.0,2.981628894805908
675.0,1.0,1.01325,0.002531941638823692,0.0025319416388227545,0.0,0.0005593526900797541,0.00038331803259210404,0.0022818119408492613,0.0017200393917393155,-0.0003153872320097871,-0.00034583071888644266,0.0,0.0005593526900687928,0.0003833180325651941,0.0022818119407991277,0.0017200393917865542,-0.0003153872321109974,-0.00034583071891469697,0.0,0.0,0.0,0.0,0.0,0.0,0.0,0.0,2.916457176208496
675.0,1.0,5.0,0.16713272109366933,0.16713272109366728,0.0,0.07958460218029303,0.05454102461100244,0.020647418283845087,0.015564131688994285,-0.01307776554156509,-0.014340109267571566,0.1269932482742414,0.07958460218038532,0.05454102461098509,0.02064741828389227,0.015564131688947103,-0.013077765541616437,-0.014340109267529932,0.12699324827426528,0.0,0.0,0.0,0.0,0.0,0.0,0.0,2.9579360485076904
675.0,3.0,1.01325,0.00755735379402764,0.007557353794025223,0.0,0.0016547004173926181,0.0011339482883687647,0.006783391457948181,0.005113353441658832,-0.0009373864745503089,-0.0010278698435554033,0.0,0.0016547004174749524,0.0011339482883343521,0.006783391458059507,0.005113353441682511,-0.0009373864745032545,-0.0010278698435228772,0.0,0.0,-1.9102684970073857e-20,0.0,1.9102684970073857e-20,0.0,0.0,0.0,3.0654242038726807
675.0,3.0,5.0,0.26573985017761104,0.2657398501776116,0.0,0.06977243146198686,0.0478162655924555,0.03650096889643434,0.027514479020261662,-0.016696164454022,-0.018307832005515223,0.11135358146535712,0.0697724314619369,0.047816265592431906,0.036500968896430175,0.027514479020204763,-0.016696164454099716,-0.018307832005401425,0.11135358146533769,0.0,0.0,0.0,0.0,0.0,0.0,0.0,3.0041191577911377
675.0,10.0,1.01325,0.02475112572248911,0.02475112572248972,0.0,0.005254803525978676,0.003601069742636444,0.021904685016818116,0.01651190912485374,-0.0030250410973135626,-0.003317039616668096,0.0,0.005254803525975293,0.003601069742506513,0.02190468501681031,0.016511909124911073,-0.0030250410973070574,-0.003317039616665407,0.0,-7.641073988029541e-20,7.641073988029543e-20,0.0,0.0,0.0,0.0,0.0,2.9827988147735596
675.0,10.0,5.0,0.37466180955933,0.3746618095593307,0.0,0.04124444770180896,0.028265394171592132,0.0792993879934617,0.05977555349166163,-0.024643825990441903,-0.02702300157015336,0.06583380824211005,0.04124444770201019,0.02826539417165042,0.07929938799349501,0.059775553491547846,-0.024643825990627866,-0.02702300157012283,0.06583380824219387,0.0,0.0,0.0,0.0,0.0,0.0,0.0,2.9988739490509033
700.0,1.0,1.01325,0.005390760342663093,0.005390760342662837,0.0,0.0011280056184059372,0.0014909284508821251,0.005126642795656071,0.007454503556665257,-0.0008917832556147717,-0.0018867776235080439,0.0,0.0011280056183227138,0.0014909284508174414,0.005126642795685865,0.007454503556680869,-0.0008917832557103766,-0.0018867776235609313,0.0,0.0,0.0,0.0,0.0,0.0,0.0,0.0,2.931166887283325
700.0,1.0,5.0,0.2324553660092668,0.2324553660092613,0.0,0.07715952559804451,0.10197832487566989,0.036017706769551905,0.05237290626680102,-0.020908916299795105,-0.044238549129985844,0.12313325896982918,0.07715952559798622,0.10197832487566227,0.03601770676961713,0.0523729062668149,-0.02090891629966396,-0.044238549129757554,0.1231332589698475,3.820536994014771e-20,0.0,0.0,0.0,0.0,-3.820536994014771e-20,0.0,2.8846802711486816
700.0,3.0,1.01325,0.016002417349773503,0.016002417349773257,0.0,0.003288964730031353,0.004347141542950569,0.015088440788142178,0.021939550693622287,-0.0026256021758212095,-0.0055550707786660575,0.0,0.0032889647300499147,0.004347141542965227,0.015088440788027513,0.021939550693633736,-0.0026256021758208625,-0.005555070778590077,0.0,0.0,0.0,0.0,0.0,0.0,0.0,0.0,2.969693899154663
700.0,3.0,5.0,0.333808080409925,0.3338080804099245,0.0,0.05442500175960319,0.07193173606770548,0.06828360358260288,0.0992952572615613,-0.028741871137596964,-0.06082532658436974,0.08686793581927144,0.05442500175963649,0.07193173606773462,0.06828360358243912,0.09929525726178057,-0.028741871137807906,-0.06082532658430728,0.08686793581932806,0.0,0.0,0.0,0.0,0.0,0.0,0.0,2.946086883544922
700.0,10.0,1.01325,0.051437358645400576,0.051437358645405884,0.0,0.009948437308378646,0.013149110044955066,0.04706064152081961,0.06842792150228635,-0.008203604841201806,-0.017356532429189248,0.0,0.009948437308338054,0.013149110045077017,0.047060641520801916,0.06842792150225097,-0.008203604841158785,-0.01735653242912749,0.0,0.0,0.0,0.0,0.0,0.0,0.0,0.0,2.9089529514312744
700.0,10.0,5.0,0.4646156722691348,0.46461567226912814,0.0,0.03137192713035114,0.04146304733566725,0.17512781215596462,0.2548427155293756,-0.0699145710855914,-0.14824201247252283,0.05006807854027129,0.0313719271303331,0.041463047335663084,0.17512781215592577,0.254842715529377,-0.06991457108561916,-0.14824201247252422,0.050068078540282945,0.0,0.0,0.0,0.0,0.0,0.0,0.0,2.9894351959228516
725.0,1.0,1.01325,0.011057293038949137,0.011057293038946314,0.0,0.0021901247219737255,0.004192936304307391,0.011225311955467138,0.023649565089979736,-0.002472754607657328,-0.0075843773311074815,0.0,0.0021901247219402453,0.004192936304325823,0.011225311955495587,0.023649565090028135,-0.0024727546077019102,-0.007584377331018577,0.0,0.0,0.0,0.0,0.0,0.0,0.0,0.0,2.4838757514953613
725.0,1.0,5.0,0.2987098197804561,0.2987098197804561,0.0,0.06619539955507736,0.1267039020743807,0.06532374460447438,0.13766375431488592,-0.03561294312121738,-0.10930685718013729,0.10564760265963091,0.06619539955531051,0.12670390207441817,0.0653237446045285,0.1376637543149234,-0.0356129431211577,-0.10930685718010813,0.10564760265961648,0.0,0.0,0.0,0.0,-7.641073988029541e-20,0.0,0.0,2.6011860370635986
725.0,3.0,1.01325,0.032486732135053466,0.03248673213504971,0.0,0.006221358762257233,0.011910453338168092,0.03242667828053693,0.06831439128631937,-0.007166505026741377,-0.021980828420782583,0.0,0.0062213587623871636,0.011910453338184745,0.032426678280658705,0.06831439128634487,-0.007166505026673375,-0.021980828420770093,0.0,0.0,0.0,0.0,0.0,0.0,0.0,0.0,2.5291147232055664
725.0,3.0,5.0,0.4135649590213353,0.4136139607603576,4.900173901747616e-05,0.022298305882280378,0.048151090124005924,0.08601994300882904,0.19162855966319003,-0.012613218931124826,-0.06656242314424937,0.047440334521818284,0.02109470706127825,0.04937291999682625,0.08608618507062182,0.19289474496654024,-0.012613218931029069,-0.06779274991077777,0.04744033452178442,-0.0012035988210380585,0.001221829872768901,6.624206186870668e-05,0.0012661853033264117,0.0,-0.001230326766606708,0.0,2.616683006286621
725.0,10.0,1.01325,0.10089869995609466,0.10089869995609835,0.0,0.017316486411375273,0.03315009243392564,0.09493636074318912,0.199983447532278,-0.021277019714746256,-0.06525944251650068,0.0,0.017316486411239618,0.03315009243394784,0.0949363607432141,0.19998344753230923,-0.021277019714716072,-0.06525944251662974,0.0,0.0,0.0,0.0,0.0,0.0,0.0,0.0,2.5216450691223145
725.0,10.0,5.0,0.5365895751405786,0.5570426875004963,0.020453112359915166,-0.006160499093516014,-0.013000174941135702,0.02549019012938747,0.055220691516352775,0.01591865907680512,0.052358516013531475,-0.011889320663674985,0.0067887701390961785,0.010316490553752278,0.15014655676475197,0.3214693842859967,-0.028508476239069713,-0.0765264546775557,0.0065414595366974915,0.012949269232575937,0.023316665494846952,0.12465636663534828,0.26624869276978785,-0.04442713531583276,-0.12888497069112204,0.018430780200343715,2.5710289478302
750.0,1.0,1.01325,0.022139432618142198,0.022139432618144994,1.5282147976059084e-21,0.004143207261101452,0.010225000750057646,0.02455110080666059,0.06672348575867673,-0.00698355745855344,-0.02766193982920266,0.0,0.004143207261106396,0.010225000750127555,0.024551100806599613,0.06672348575884335,-0.006983557458600798,-0.027661939829154433,0.0,0.0,0.0,0.0,0.0,0.0,0.0,0.0,2.5136799812316895
750.0,1.0,5.0,0.36504686577286505,0.3650837892452654,3.6923472399421574e-05,0.03591836750424793,0.0897426632160983,0.04721070998830457,0.12895847442079694,0.006619592039489031,0.015374842892132425,0.05790779956660386,0.03683968928909209,0.08974266321614133,0.04729009337962886,0.12895847442101205,0.005854928613888144,0.015118898328969623,0.05827409402514472,0.0009213217847766823,0.0,7.938339112155238e-05,0.0,-0.0007646634257703038,-0.0002559445631157032,0.00036629445845579907,2.6261632442474365
750.0,3.0,1.01325,0.06391392985537878,0.06391392985538169,0.0,0.01130349861807635,0.027894552480417847,0.0689026717180033,0.18724223277577032,-0.01990268187740847,-0.07884031517320438,0.0,0.011303498618053798,0.02789455248039807,0.06890267171798525,0.18724223277568341,-0.01990268187730404,-0.07884031517328693,0.0,0.0,0.0,0.0,0.0,0.0,0.0,0.0,2.5177268981933594
750.0,3.0,5.0,0.4803307945834311,0.4860192769859082,0.005688482402476778,0.0037332785052121564,0.006303052371872675,0.06913898067643781,0.19113287244857252,0.0072403904319659484,0.026579928395724373,0.004302526714630717,0.01399558225656794,0.028224051291733665,0.13533007939913744,0.369353007356657,-0.024804056302679678,-0.10055391484206366,0.019658507390658553,0.010262303751464051,0.021920998920048146,0.06619109872259502,0.1782201349081022,-0.03204444673469665,-0.1271338432378184,0.015355980676025312,2.58459210395813
750.0,10.0,1.01325,0.1882951531892433,0.18829515318924528,0.0,0.02873387183479556,0.07090263802236457,0.18714551920785555,0.508618810558266,-0.05823860718237733,-0.23089182765304098,0.0,0.028733871834960012,0.07090263802233543,0.18714551920777645,0.5086188105581008,-0.05823860718235652,-0.23089182765295146,0.0,0.0,0.0,0.0,0.0,0.0,0.0,0.0,2.524214744567871
750.0,10.0,5.0,0.4869992247131021,0.6453464495205975,0.15834722480749483,0.0021367333439312186,0.005552948361096932,-0.0535483678382645,-0.14667302570654656,0.019204229903334313,0.07635602571505196,0.0034357053546957284,-0.016631701983291225,-0.03623559499882356,0.18455513530735712,0.5036465659877393,-0.023563461203118807,-0.09088989501696842,-0.02322617141934824,-0.01876843532716277,-0.04178854335985041,0.23810350314565631,0.650319591694324,-0.04276769110643855,-0.16724592073219247,-0.026661876774037307,2.610867977142334
775.0,1.0,1.01325,0.04464409844375327,0.04464409844375361,3.056429595211817e-21,0.007943680598561376,0.02371824321071494,0.05761380097514864,0.189838306394431,-0.022220266594628196,-0.10701997725324347,0.0,0.00794368059862105,0.02371824321060756,0.05761380097510371,0.1898383063944159,-0.02222026659466636,-0.10701997725324208,0.0,-7.641073988029541e-20,0.0,0.0,7.641073988029543e-20,0.0,-7.641073988029541e-20,0.0,2.5142390727996826
775.0,1.0,5.0,0.42422774254275686,0.42847000171945626,0.0042422591767001284,0.012656856893213109,0.03156664825589989,0.06320647700282234,0.20407166271027288,0.004012626437460698,0.026926675746324902,0.016974836527492987,0.0232402706829421,0.06048017412891015,0.10952936635987842,0.35660052652117524,-0.02465333263729219,-0.11076126773392758,0.032559282862516525,0.010583413789673413,0.028913525873076613,0.04632288935698527,0.15252886381065156,-0.028665959074758333,-0.1376879434802554,0.015584446335027919,2.585859775543213
775.0,3.0,1.01325,0.12715385742594898,0.12715385742594765,0.0,0.021925419018439807,0.06546223994993994,0.1663056665705969,0.5492346193554352,-0.06916576234766783,-0.3345867517910498,0.0,0.021925419018359316,0.06546223994992884,0.16630566657061807,0.5492346193554626,-0.06916576234763383,-0.3345867517909717,0.0,0.0,0.0,0.0,0.0,0.0,0.0,0.0,2.5293991565704346
775.0,3.0,5.0,0.45470071480837776,0.5557701359008818,0.10106942109249692,-0.009483995818636293,-0.029423099458092405,-0.03372355486187806,-0.11363571168311187,0.030010430865846927,0.15041819242930798,-0.01607059906227226,-0.008161719639504517,-0.022419007348256637,0.16807346211523688,0.5522487527247044,-0.0194793403597876,-0.1215771793288467,-0.011598064950744114,0.0013222761792362064,0.00700409210982883,0.2017970169770313,0.6658844644077181,-0.04948977122566714,-0.2719953717580933,0.004472534111541332,2.5937368869781494
775.0,10.0,1.01325,0.31121699621964294,0.33705892343506827,0.025841927215422465,0.00283406272129777,0.006934274229271341,0.05404613680983217,0.18366006173334282,0.006108200271638664,0.02867255130657581,0.0,0.03668054139136234,0.11348461029825342,0.24863734388113623,0.8121237298216233,-0.05107457041161334,-0.24732544481625152,0.0,0.033846478670197105,0.10655033606895672,0.19459120707114871,0.6284636680882019,-0.05718277068332061,-0.27599799612304954,0.0,2.5764522552490234
775.0,10.0,5.0,0.4314842532060015,0.7266115998791368,0.2951273466731338,0.01096485204495623,0.03294423408142788,-0.041274367180260674,-0.13443143664178397,0.017294565943298812,0.08282084527895946,0.01745895230879757,-0.010744309829097132,-0.028833466577057876,0.14418817297587594,0.4630257657943115,-0.018461318876852872,-0.07380943495413073,-0.01672393930995386,-0.021709161874043648,-0.06177770065843718,0.18546254015603253,0.5974572024359581,-0.0357558848200365,-0.15663028023315956,-0.034182891618761424,2.54648494720459
800.0,1.0,1.01325,0.07668764544504005,0.07670148198424931,1.383653920667168e-05,0.012948192606142966,0.04857841971282092,0.010663351781374161,0.19790443909030592,0.05220473957821478,0.02372638018791652,0.0,0.013900311116563091,0.0485969435383371,0.010700150704348599,0.1979535964409418,0.052784259849869564,0.024668758729454177,0.0,0.0009521185103638593,1.85238255311074e-05,3.6798922896446476e-05,4.915735069130958e-05,0.0005795202716388998,0.0009423785415414816,0.0,2.5476016998291016
800.0,1.0,5.0,0.40626077443906655,0.48099087176043265,0.07473009732136485,-0.015746760984414188,-0.0545425289911583,-0.018668247208711297,-0.07019067821112807,0.03645850686680857,0.1994135589331425,-0.025143933892873283,-0.0016986818541286919,-0.011888155865072414,0.1421618586997131,0.533472880254246,-0.0215189736982202,-0.12134981753611218,-0.006367804546838496,0.014048079130316374,0.04265437312622605,0.16083010590843272,0.603663558465493,-0.057977480565054446,-0.32076337646903164,0.018776129346043252,2.648077964782715
800.0,3.0,1.01325,0.20223648161304061,0.21836056507641766,0.0161240834633771,0.010634613374570223,0.043329232978593646,0.045909871666283825,0.21286630419783403,0.03909137907256721,0.11076620411496137,0.0,0.027770821997799566,0.10854171922566325,0.13967106660006667,0.6263067115521354,0.021201532659584355,-0.10561895664437937,0.0,0.01713620862330255,0.06521248624705295,0.09376119493380089,0.4134404073541931,-0.01788984641295172,-0.21638516075952602,0.0,2.533205032348633
800.0,3.0,5.0,0.3920551772250789,0.6346800849088338,0.2426249076837591,0.004338580888779697,0.013458705659331882,-0.0505422509332068,-0.19405706283763813,0.02710848887284012,0.14989879085597763,0.006296293192729063,-0.010795234333535464,-0.02102418145874807,0.17999909838552763,0.6885974749951951,-0.019819694624792494,-0.12135428200579224,-0.00941824615921849,-0.01513381522227561,-0.03448288711818681,0.23054134931872888,0.8826545378329046,-0.04692818349777833,-0.271253072861663,-0.01571453935194117,2.572014093399048
800.0,10.0,1.01325,0.17048235923757749,0.4882112342170811,0.31772887497950364,-0.024798965137777518,-0.08982666436331485,-0.05465535275360894,-0.21411374697027571,-0.02471166327769614,-0.09851643049429079,0.0,0.03903054935895378,0.1446961282138698,0.19394327161750546,0.7516236529463816,0.009587716183920292,-0.03625193346070976,0.0,0.06382951449666885,0.23452279257716452,0.24859862437127678,0.9657373999166774,0.03429937946177741,0.062264497033548416,0.0,2.5655858516693115
800.0,10.0,5.0,0.3792194882934549,0.7556630722703876,0.37644358397693134,0.002123344799412341,0.007091243498562328,-0.0073749856607310815,-0.028144185540061872,0.00536588821282713,0.03015791420537539,0.0032551367560085254,-0.0015094169592860807,-0.0052861853973795725,0.03645854030387974,0.14003935743991391,-0.003711936426487039,-0.02214623567052265,-0.002466111845425001,-0.0036327617585887872,-0.012377428895962718,0.043833525964633024,0.16818354297987448,-0.009077824639298904,-0.05230414987603543,-0.005721248601419093,2.602428913116455
825.0,1.0,1.01325,0.10875465056700816,0.15032221782858535,0.04156756726157953,0.009527177044468121,0.032410836960271305,0.0012544556577908511,0.005218153485007926,0.03461878742879246,0.21342946787253037,0.0,0.02238474143557434,0.08017623949506392,0.11857230247180606,0.5079688633786356,-0.011445334174570165,-0.07992396204491159,0.0,0.01285756439102937,0.04776540253475948,0.11731784681413888,0.502750709893752,-0.04606412160330659,-0.29335342991747404,0.0,2.562608242034912
825.0,1.0,5.0,0.3445698671085785,0.5412354068152521,0.1966655397066719,-0.003344162196294853,-0.01763312189546201,-0.0429740745843149,-0.19035613991961742,0.028099537568604394,0.1838520718405401,-0.007208640997197202,-0.002170548519811466,-0.011517858864090735,0.1724255373041883,0.7401112297632212,-0.01725382098790862,-0.11651136565563047,-0.004698341521804927,0.0011736136764868565,0.006115263031504504,0.21539961188843798,0.9304673696828623,-0.045353358556549095,-0.3003634374962337,0.0025102994753042895,2.5789389610290527
825.0,3.0,1.01325,0.1044954959412319,0.343601753397897,0.23910625745666392,-0.009140734633325195,-0.036873530853800615,-0.043102694453899665,-0.18363527869656032,-0.011188696994654176,-0.07247710434082899,0.0,0.03276811543340419,0.13191009662975872,0.19603083062394167,0.8386351082915244,-0.01116869578773605,-0.0552647773072068,0.0,0.041908850066710995,0.16878362748357703,0.23913352507788643,1.0222703869879717,2.000120692610685e-05,0.017212327033625657,0.0,2.567723035812378
825.0,3.0,5.0,0.32483892382524043,0.6960109417872014,0.3711720179619579,0.0030936973756806596,0.010547730209957418,-0.026025759570458273,-0.11284935152769404,0.013840078529482602,0.08793534240603001,0.004279477678177379,-0.0025498017871411482,-0.009559563395358794,0.10873378147540635,0.4728128458141273,-0.008849099756413903,-0.05979466951127055,-0.003817425353476178,-0.005643499162866217,-0.020107293605294008,0.13475954104589655,0.5856621973418213,-0.022689178285920097,-0.1477300119173866,-0.00809690303158861,2.6106131076812744
825.0,10.0,1.01325,0.005016497072563369,0.5825891600882726,0.5775726630157109,-0.026558074064322562,-0.10415744148127434,-0.0206357065757211,-0.09094413249588487,-0.011879627417622947,-0.07708717667429864,0.0,0.031598682758687824,0.12388711194482872,0.08592363439293704,0.37394274607031874,0.0028124510043886497,0.02361981414904235,0.0,0.05815675682297461,0.22804455342607388,0.10655934096855113,0.4648868785661397,0.014692078422023913,0.10070699082335988,0.0,2.545315742492676
825.0,10.0,5.0,0.3232400899442925,0.7371719363091389,0.4139318463648445,5.1258913742746604e-05,0.00020786930775562595,-6.0626860978740815e-05,-0.0003083522560537455,0.0002919338819670769,0.0019004494882277068,8.45931411197487e-05,-4.2361992613759725e-05,-0.00013448284957306988,0.00153755182344395,0.0069836518830468375,-0.00016029747403889516,-0.001101370249700917,-5.4469106061105776e-05,-9.362090627879072e-05,-0.0003423521572329391,0.0015981786846613888,0.0072920041391338905,-0.0004522313558352753,-0.0030018197379230727,-0.00013906224721527138,2.579896926879883
850.0,1.0,1.01325,0.020457561222776026,0.22636010265421957,0.20590254143144776,0.004517297894764214,0.019647504276300992,-0.021319863639618093,-0.10212486397473634,-0.016004340726414115,-0.11133094489146543,0.0,0.02731210821607377,0.11893532645957383,0.14482410095503773,0.6933451754551984,0.0002240733087244262,0.0015708125416152852,0.0,0.02279481032131936,0.09928782218318748,0.16614396459453742,0.7954700394299401,0.0162284140350695,0.11290175743306831,0.0,2.197129964828491
850.0,1.0,5.0,0.2695365929813108,0.6061061730248842,0.3365695800435725,0.0010133298402908997,0.000795395154004619,-0.03813529807051158,-0.18231739054684892,0.01625033068338444,0.11470464493866656,0.00018332811201171584,-0.0020578532182236042,-0.008863639132866696,0.15606698182496492,0.7483973227718821,-0.009630049082492986,-0.06925868858463913,-0.0022523524545225992,-0.0030711830585436473,-0.009659034286825519,0.19420227989558198,0.9307147133187922,-0.025880379765839956,-0.18396333352309058,-0.0024356805665470826,2.0893161296844482
850.0,3.0,1.01325,-0.05433038699766363,0.44366046527869174,0.49799085227635453,-0.018907672162828126,-0.08231392523652993,-0.036284859910371,-0.1734398498850237,-0.0293918488538953,-0.2047753513920213,0.0,0.03239486203185371,0.14089350390667776,0.14929179259619285,0.7135955819573742,0.006736787981756476,0.046850052647837155,0.0,0.05130253419467351,0.22320742914314073,0.18557665250656663,0.887035431842477,0.03612863683566947,0.25162540403981665,0.0,2.158820867538452
850.0,3.0,5.0,0.26063058053865135,0.699914538956804,0.43928395841815154,0.0004919671613839993,0.0021447602428809054,-0.0030107120584335623,-0.014594574712915864,0.003895888135262149,0.02745345427953294,0.0007861860265206966,-0.0002324928310148966,-0.001007287591614503,0.02550045657305211,0.12265751372200205,-0.002334342163992642,-0.014817884900339418,-0.00036963089731556487,-0.0007244599925390616,-0.0031520478346244714,0.028511168631553674,0.13725208843507197,-0.006230230299156259,-0.04227133917985987,-0.0011558169238101712,2.059702157974243
850.0,10.0,1.01325,-0.11248040565089341,0.5620679464429574,0.6745483520938506,-0.011757206157088362,-0.0511479147283958,0.00392730450529781,0.01856163679734117,-0.0036135035022841905,-0.025417475478365856,0.0,0.00841620466317805,0.036675456111984195,0.006909610235464325,0.03414176744460651,0.002005686214612279,0.014073815839127366,0.0,0.020173410820270576,0.0878233708403453,0.0029823057302064138,0.015580130647280255,0.00561918971693498,0.03949129131751439,0.0,2.169199228286743
850.0,10.0,5.0,0.26129927070416886,0.7051041228811825,0.4438048521770154,7.17143719408675e-08,3.1314185133801686e-07,6.25825019584525e-07,2.8436451943170127e-06,7.418231987021962e-07,6.176218685094437e-06,1.1475478567390951e-07,-1.8019885583697715e-08,-7.877724861327096e-08,3.460956485290545e-06,2.099750935347089e-05,-3.0101016401662406e-07,-2.5507858214535166e-06,-2.8863145207225216e-08,-8.973418952340495e-08,-3.9191907635904855e-07,2.8351315253805076e-06,1.815386416470499e-05,-1.0428330615708248e-06,-8.727004485731271e-06,-1.4361790923178575e-07,2.0663208961486816
