stage,feed,T_K,tau_s,P_bar,Y_CH4,X_COx,Y_Csolid,dy_Y_CH4_dk_meth,dy_Y_CH4_dEa_meth,dy_Y_CH4_dk_carb,dy_Y_CH4_dEa_carb,dy_Y_CH4_dk_crack,dy_Y_CH4_dEa_crack,dy_Y_CH4_dn,dy_X_COx_dk_meth,dy_X_COx_dEa_meth,dy_X_COx_dk_carb,dy_X_COx_dEa_carb,dy_X_COx_dk_crack,dy_X_COx_dEa_crack,dy_X_COx_dn,dy_Y_Csolid_dk_meth,dy_Y_Csolid_dEa_meth,dy_Y_Csolid_dk_carb,dy_Y_Csolid_dEa_carb,dy_Y_Csolid_dk_crack,dy_Y_Csolid_dEa_crack,dy_Y_Csolid_dn,X_CO2,dy_X_CO2_dk1_ref,dy_X_CO2_dEa1,dy_X_CO2_dk2_ref,dy_X_CO2_dEa2,dy_Y_CH4_dk1_ref,dy_Y_CH4_dEa1,dy_Y_CH4_dk2_ref,dy_Y_CH4_dEa2
S3,"S3 kinetic-loop inlet (X4, H2/CO2 0.42)",600.0,1.0,1.01325,4.1080615094994544e-05,5.1971426558328204e-05,1.089081146149644e-05,5.992359882006458e-08,-9.240787303666068e-08,-1.794366230765471e-08,3.0438918204554744e-08,4.0992611912644134e-05,-0.00010116805199221565,0.0,5.996041441136413e-08,-9.246464149903488e-08,5.190303855318046e-05,-8.80462667940396e-05,-1.772816615730477e-08,4.3752143574771196e-08,0.0,3.678096878547462e-11,-5.6719740022641036e-11,5.192098220552023e-05,-8.807670570160847e-05,-4.1010339959112716e-05,0.00010121180410119305,0.0,,,,,,,,,
S3,"S3 kinetic-loop inlet (X4, H2/CO2 0.42)",600.0,1.0,5.0,0.0002384937480828099,0.0002906174499075487,5.2123701823413955e-05,3.484079203685422e-05,-5.372773346216019e-05,-5.760298125154825e-07,9.771532216111946e-07,0.0002023544255586302,-0.0004993993928321859,5.567000934724543e-05,3.4943254945130064e-05,-5.388574060016804e-05,0.0002550261180123137,-0.00043261595585597496,-6.769364069292294e-07,1.670641650020066e-06,5.5833728307419506e-05,1.0246280610232692e-07,-1.5800713544590796e-07,0.0002556021478564318,-0.0004335931090171157,-0.00020303136199660777,0.0005010700345183843,1.637189745306054e-07,,,,,,,,,
S3,"S3 kinetic-loop inlet (X4, H2/CO2 0.42)",600.0,3.0,1.01325,0.0001229499281994195,0.00015573679830072074,3.278687010088642e-05,1.7843401884284882e-07,-2.7516218606752057e-07,-1.6095779554027925e-07,2.7304233634194044e-07,0.0001225034763470896,-0.00030233254284110507,0.0,1.787625436566742e-07,-2.7566876004136986e-07,0.00015546157472456912,-0.0002637187921011863,-1.591363096853371e-07,3.927411729165442e-07,0.0,3.284476831746171e-10,-5.06497489654071e-10,0.00015562253259007651,-0.0002639918343668793,-0.00012266261261509442,0.00030272528400999635,0.0,,,,,,,,,
S3,"S3 kinetic-loop inlet (X4, H2/CO2 0.42)",600.0,3.0,5.0,0.000704315350611607,0.0008638935002410753,0.00015957814962936316,9.979617325748212e-05,-0.00015389455340961806,-5.052313914067773e-06,8.570516525871507e-06,0.0005931227773563582,-0.0014637731989781983,0.00015945377815837383,0.00010067375283695501,-0.00015524785861031898,0.0007574253506253958,-0.0012848634905943124,-5.931845079021336e-06,1.4639269524385769e-05,0.00016085596482140474,8.775795530115778e-07,-1.353305074845376e-06,0.0007624776644712381,-0.0012934340071170459,-0.0005990546224349763,0.0014784124685046929,1.402186655386742e-06,,,,,,,,,
S3,"S3 kinetic-loop inlet (X4, H2/CO2 0.42)",600.0,10.0,1.01325,0.0004064566714600849,0.0005170625745042345,0.00011060590304437198,5.794799086595876e-07,-8.936129801813365e-07,-1.7678247299872775e-06,2.9988627057696564e-06,0.0004028794238489575,-0.0009942761898941229,0.0,5.830308513754545e-07,-8.990889421855996e-07,0.000515334144821078,-0.0008741911746129594,-1.752129946686054e-06,4.324150854051467e-06,0.0,3.55096218847674e-09,-5.4759204535701454e-09,0.000517101969548558,-0.0008771900373151305,-0.0004046315538408707,0.0009986003407245851,0.0,,,,,,,,,
S3,"S3 kinetic-loop inlet (X4, H2/CO2 0.42)",600.0,10.0,5.0,0.0022259654032233565,0.002791976231346638,0.0005660108281238584,0.00028417342371491166,-0.000438217099315815,-5.146745266991059e-05,8.730636751920484e-05,0.0018282537710508388,-0.004511761057150872,0.0004540110663977864,0.00029239946886805424,-0.0004509022719978439,0.0024401512591087915,-0.004139343325579303,-6.0283789743431626e-05,0.0001487688957330091,0.00046715326271318247,8.226045155709425e-06,-1.2685172720501873e-05,0.002491618711827418,-0.004226649693161684,-0.001888537560783255,0.004660529952950016,1.314219632183298e-05,,,,,,,,,
S3,"S3 kinetic-loop inlet (X4, H2/CO2 0.42)",625.0,1.0,1.01325,7.810697140711976e-05,0.00013068205116295584,5.2575079756611286e-05,1.3862133772298967e-07,-1.0259576577410963e-07,-8.694894345465695e-08,7.078801288799245e-08,7.78576417334838e-05,-9.220303651763384e-05,0.0,1.3872007986748258e-07,-1.0266873184949787e-07,0.00013047685088196648,-0.0001062255217565422,-8.475128376872476e-08,1.0036677322577957e-07,0.0,9.871477719719957e-11,-7.306031915387109e-11,0.00013056379983332733,-0.00010629630979378274,-7.79423929853331e-05,9.230340333447046e-05,0.0,,,,,,,,,
S3,"S3 kinetic-loop inlet (X4, H2/CO2 0.42)",625.0,1.0,5.0,0.000468023435943789,0.0007206185066019888,0.00025259507065997087,7.885093245061476e-05,-5.835883813675851e-05,-2.8919853981647413e-06,2.354462150956215e-06,0.0003838947053039492,-0.0004546275252586464,0.0001259887704684634,7.909789736249007e-05,-5.8541620948093787e-05,0.0006376273189029336,-0.0005191136552451514,-3.13380120464668e-06,3.711206092438246e-06,0.00012638336757686552,2.4696500398641193e-07,-1.8278283821129403e-07,0.0006405193042542072,-0.0005214681173902237,-0.00038702850654737645,0.0004583387314369826,3.9459712230323265e-07,,,,,,,,,
S3,"S3 kinetic-loop inlet (X4, H2/CO2 0.42)",625.0,3.0,1.01325,0.00023310896003924362,0.00039108899638218286,0.00015798003634258563,4.0952282322976653e-07,-3.0309409181081336e-07,-7.770567656485065e-07,6.326277459104324e-07,0.00023168086444301945,-0.00027436830456254693,0.0,4.103918926912087e-07,-3.037373658143494e-07,0.0003900304498705154,-0.00031753674392953624,-7.584828320972292e-07,8.982343785435276e-07,0.0,8.691161065301194e-10,-6.432460826196005e-10,0.00039080750647846666,-0.0003181693717542167,-0.0002324393473014533,0.00027526653892318557,0.0,,,,,,,,,
S3,"S3 kinetic-loop inlet (X4, H2/CO2 0.42)",625.0,3.0,5.0,0.0013564921296139805,0.002120557554378122,0.0007640654247633262,0.0002148368181763608,-0.00015900446638493775,-2.4606044022066958e-05,2.003262590181249e-05,0.0010973121393009365,-0.0012994898463279962,0.00034324721196268143,0.00021675102903073729,-0.00016042120917214575,0.001870327729575072,-0.0015226972752052648,-2.6678894474163606e-05,3.1594438468229846e-05,0.00034630542240399187,1.9142108107373518e-06,-1.4167427648951233e-06,0.0018949337736150688,-0.001542729901125178,-0.001123991033777797,0.0013310842848177989,3.0582104867189937e-06,,,,,,,,,
S3,"S3 kinetic-loop inlet (X4, H2/CO2 0.42)",625.0,10.0,1.01325,0.0007631423104970782,0.0012925807267600842,0.0005294384162628019,1.2939795624757056e-06,-9.576940347011268e-07,-8.42525499245711e-06,6.859284451443313e-06,0.0007507549136321912,-0.0008890808630035223,0.0,1.3029175738310528e-06,-9.643092824251909e-07,0.0012839686936522154,-0.001045322119375136,-8.26402093978551e-06,9.786668561662104e-06,0.0,8.938064427043563e-09,-6.615198062183587e-09,0.0012923939486718101,-0.0010521814038703485,-0.0007590189346349824,0.0008988675315772598,0.0,,,,,,,,,
S3,"S3 kinetic-loop inlet (X4, H2/CO2 0.42)",625.0,10.0,5.0,0.004039766948821287,0.0066387468907253,0.002598979941903159,0.0005215593769766899,-0.0003860170811176896,-0.00022796289143808563,0.0001855930409363528,0.003128134138981006,-0.0037044644734068395,0.0008331649572675646,0.0005338797070764123,-0.00039513567237081654,0.0057897274659296505,-0.004713625129737498,-0.0002483381660950412,0.0002940925407146633,0.0008528421147990795,1.2320330048797446e-05,-9.118591238685414e-06,0.006017690357365416,-0.004899218170733763,-0.003376472305088884,0.003998557014154875,1.9677157528956088e-05,,,,,,,,,
S3,"S3 kinetic-loop inlet (X4, H2/CO2 0.42)",650.0,1.0,1.01325,0.00013928364620839504,0.000306363327817083,0.00016707968160769568,2.9995239475002437e-07,0.0,-3.7235018360851297e-07,0.0,0.00013859813539818632,0.0,0.0,3.0003887152574293e-07,0.0,0.0003056701838588527,0.0,-3.544838117486293e-07,0.0,0.0,8.656504671606703e-11,0.0,0.0003060425340208456,0.0,-0.00013895261910605618,0.0,0.0,,,,,,,,,
S3,"S3 kinetic-loop inlet (X4, H2/CO2 0.42)",650.0,1.0,5.0,0.0008637857929197507,0.0016609167102205058,0.0007971309172988813,0.00016362374379180777,0.0,-1.2692397255431587e-05,0.0,0.000681166370159386,0.0,0.00026142979814166916,0.0001636067908816763,0.0,0.0014772866262807716,0.0,-1.2678339486593693e-05,0.0,0.00026140262453400176,-1.6952968331452115e-08,0.0,0.001489979023598363,0.0,-0.0006938447095842859,0.0,-2.717361879673967e-08,,,,,,,,,
S3,"S3 kinetic-loop inlet (X4, H2/CO2 0.42)",650.0,3.0,1.01325,0.00041328579479444044,0.0009145048722933868,0.0005012190774999794,8.730563111176916e-07,0.0,-3.303682015029974e-06,0.0,0.0004089492291126193,0.0,0.0,8.737286116833332e-07,0.0,0.0009099980038868027,0.0,-3.153094818575397e-06,0.0,0.0,6.723697933055245e-10,0.0,0.0009133016858725538,0.0,-0.00041210232395163734,0.0,0.0,,,,,,,,,
S3,"S3 kinetic-loop inlet (X4, H2/CO2 0.42)",650.0,3.0,5.0,0.0024133562005617185,0.004796032390712579,0.0023826761901499273,0.00040672925481015886,0.0,-0.00010185897904388007,0.0,0.0018589853342280472,0.0,0.0006497758008736781,0.00040524499500815825,0.0,0.004227556201594207,0.0,-0.00010238226841319253,0.0,0.000647402727991242,-1.4842598153362932e-06,0.0,0.004329415180562876,0.0,-0.0019613676026762595,0.0,-2.3730728972506943e-06,,,,,,,,,
S3,"S3 kinetic-loop inlet (X4, H2/CO2 0.42)",650.0,10.0,1.01325,0.0013262302708265414,0.0029959720355472452,0.0016697417647215972,2.621154505342291e-06,0.0,-3.4938232064033554e-05,0.0,0.0012872185526919655,0.0,0.0,2.624888195690289e-06,0.0,0.0029535495178839577,0.0,-3.3633457974246994e-05,0.0,0.0,3.733661248011763e-09,0.0,0.002988487750023495,0.0,-0.0013208520105724235,0.0,0.0,,,,,,,,,
S3,"S3 kinetic-loop inlet (X4, H2/CO2 0.42)",650.0,10.0,5.0,0.006460562452080924,0.014215961866015148,0.007755399413934009,0.0007575005011267559,0.0,-0.0007998980465467875,0.0,0.004654765638420575,0.0,0.0012098639492515162,0.0007163107999863527,0.0,0.012146991781086802,0.0,-0.0008264717000661115,0.0,0.001144042521417088,-4.1189701089250526e-05,0.0,0.012946889827654124,0.0,-0.005481237338554319,0.0,-6.582142780753135e-05,,,,,,,,,
S3,"S3 kinetic-loop inlet (X4, H2/CO2 0.42)",675.0,1.0,1.01325,0.00023248821347076078,0.0006744264224473051,0.0004419382089772974,6.097595210084175e-07,4.178610905818743e-07,-1.4271455876992839e-06,-1.0758145584019972e-06,0.00023066105857607252,0.000252923178240653,0.0,6.088236609302911e-07,4.1721974208819285e-07,0.000671854675965422,0.000506459178095664,-1.30450703295093e-06,-1.4304109785534536e-06,0.0,-9.35774342129131e-10,-6.41275247693137e-10,0.0006732818215613145,0.0005075349926426608,-0.0002319655655906049,-0.00025435358923227107,0.0,,,,,,,,,
S3,"S3 kinetic-loop inlet (X4, H2/CO2 0.42)",675.0,1.0,5.0,0.001494703865771028,0.00357183846035547,0.0020771345945800016,0.0003084044911470091,0.00021134703177074526,-4.87361806156294e-05,-3.673854912811811e-05,0.0011259256858645202,0.001234592167403541,0.0004927206334320714,0.0003043228280930066,0.00020854991514274168,0.003178266286552045,0.002395853310063756,-4.491506718773408e-05,-4.924996590272013e-05,0.00048619872334287884,-4.081663099847997e-06,-2.79711658554083e-06,0.00322700246710002,0.0024325918590495615,-0.0011708407530494733,-0.0012838421333348133,-6.521910076813173e-06,,,,,,,,,
S3,"S3 kinetic-loop inlet (X4, H2/CO2 0.42)",675.0,3.0,1.01325,0.0006817527864148843,0.002003590751537776,0.0013218379651235334,1.72770691002713e-06,1.1839774233588082e-06,-1.2491654834690378e-05,-9.416502427225847e-06,0.0006693505395791974,0.0007339519168824962,0.0,1.7189326212418976e-06,1.177964525922448e-06,0.001984192792228723,0.0014957307051199908,-1.146172049770744e-05,-1.256793748238838e-05,0.0,-8.77433505627051e-09,-6.012949431985839e-09,0.001996684447129406,0.0015051472075707818,-0.000680812260098662,-0.000746519854365825,0.0,,,,,,,,,
S3,"S3 kinetic-loop inlet (X4, H2/CO2 0.42)",675.0,3.0,5.0,0.003906946351253809,0.00998186210931229,0.006074915758059333,0.000657219058180765,0.00045038974261043434,-0.00035279064410278366,-0.00026594406412897486,0.002839565533818494,0.0031136119075969755,0.001049805972053175,0.0006199581823740363,0.00042485522891433375,0.008690517010118137,0.006551149816513835,-0.0003319916485194918,-0.00036403241519267215,0.0009902727723187787,-3.7260875912579344e-05,-2.553451370133734e-05,0.009043307654319193,0.006817093880717023,-0.0031715571823848557,-0.0034776443228350107,-5.953319974063252e-05,,,,,,,,,
S3,"S3 kinetic-loop inlet (X4, H2/CO2 0.42)",675.0,10.0,1.01325,0.0021012998428117514,0.006458024993547418,0.004356725150736071,4.737173227883744e-06,3.2463298185693083e-06,-0.0001261370854285554,-9.508546971324005e-05,0.001990866427348031,0.0021830061559270945,0.0,4.629770797293098e-06,3.172728141320746e-06,0.00626548440416097,0.004723084275068401,-0.00011718358932377715,-0.00012849323313968153,0.0,-1.0740240756219183e-07,-7.360161616461192e-08,0.006391621489495992,0.004818169744804095,-0.0021080500165247037,-0.0023114993890595553,0.0,,,,,,,,,
S3,"S3 kinetic-loop inlet (X4, H2/CO2 0.42)",675.0,10.0,5.0,0.00881741470300669,0.027175748416146117,0.018358333713139316,0.000843369801831282,0.0005779633543289472,-0.002149375822120157,-0.0016202879455626262,0.005862431744482234,0.006428176025949448,0.0013468114300365513,0.0005075148817340613,0.0003478033544307424,0.021949064499635074,0.01654603514296138,-0.002183031426028492,-0.0023937068749230184,0.0008103277890003646,-0.00033585492008473064,-0.00023015999983779303,0.02409844032172509,0.018166323088446637,-0.008045463170553574,-0.008821882900975162,-0.0005364836410184579,,,,,,,,,
S3,"S3 kinetic-loop inlet (X4, H2/CO2 0.42)",700.0,1.0,1.01325,0.00035995940132636204,0.0014022038014002147,0.0010422444000738034,1.1665849923412795e-06,1.5419220494668662e-06,-4.9438624885367365e-06,-7.188103931464441e-06,0.00035527159730513634,0.0007514490573593992,0.0,1.1590812060147115e-06,1.5320040236410648e-06,0.0013924217127952998,0.0020245054152823183,-4.213090218363469e-06,-8.911319310245247e-06,0.0,-7.50377620825117e-09,-9.918041366484276e-09,0.0013973655753173032,0.0020316935192233538,-0.0003594846874802266,-0.000760360376597343,0.0,,,,,,,,,
S3,"S3 kinetic-loop inlet (X4, H2/CO2 0.42)",700.0,1.0,5.0,0.0024022441377407936,0.007174245440842886,0.004772001303103411,0.0005191296364273385,0.0006861461963447355,-0.00016249988966968946,-0.00023626201840699,0.0017159744036067122,0.003629401090674813,0.0008292995959812213,0.0004925366312108492,0.0006509973236645816,0.006335745562510708,0.00921173603153358,-0.00013862688186816463,-0.0002932074115363781,0.0007868116324960539,-2.659300521285716e-05,-3.514887269425934e-05,0.00649824545208978,0.009447998049929218,-0.001854601285551454,-0.003922608502258257,-4.2487963521570596e-05,,,,,,,,,
S3,"S3 kinetic-loop inlet (X4, H2/CO2 0.42)",700.0,3.0,1.01325,0.0010303985575619349,0.004130360920146292,0.003099962362586402,3.154262852685585e-06,4.169115189590986e-06,-4.222138661118626e-05,-6.138718979425734e-05,0.0009974118314672238,0.0021096108765784045,0.0,3.08720379260663e-06,4.080480528467767e-06,0.004051171678376431,0.005890151343188044,-3.611324482233336e-05,-7.638369194373773e-05,0.0,-6.70590508361317e-08,-8.863463059208612e-08,0.004093393064976975,0.005951538532910575,-0.0010335250763313097,-0.0021859945685645944,0.0,,,,,,,,,
S3,"S3 kinetic-loop inlet (X4, H2/CO2 0.42)",700.0,3.0,5.0,0.005617137150777095,0.019030417333276595,0.013413280182499354,0.0008787195372458347,0.0011614109087414951,-0.0009975792230078806,-0.0014503596194457864,0.0038190369142409794,0.008076963799428247,0.0014034004424237287,0.0006818647244749565,0.0009012233167821071,0.016021488467626854,0.023293601912038886,-0.000894986649030427,-0.001892873540532136,0.0010889329053465069,-0.00019685481283853237,-0.000260187591938528,0.017019067690686666,0.02474396153149005,-0.004714023563354933,-0.009969837339857126,-0.0003144675371009528,,,,,,,,,
S3,"S3 kinetic-loop inlet (X4, H2/CO2 0.42)",700.0,10.0,1.01325,0.0029255381305061936,0.0129421137609812,0.010016575630475588,7.422991804139235e-06,9.811263479745595e-06,-0.0003926552672760546,-0.0005708840121900751,0.0026515347011660684,0.005607774096934575,0.0,6.717694650548722e-06,8.879043872367376e-06,0.012161496904775082,0.017681740491751197,-0.00033899223715883053,-0.0007169702621961928,0.0,-7.052972529359575e-07,-9.322195480398338e-07,0.012554152172012181,0.01825262450386067,-0.0029905269382998756,-0.006324744359195375,0.0,,,,,,,,,
S3,"S3 kinetic-loop inlet (X4, H2/CO2 0.42)",700.0,10.0,5.0,0.009890182716500223,0.04587506948059905,0.0359848867640973,0.0007582116164497627,0.0010021265980715566,-0.00429067172525604,-0.006237768320382659,0.00599379968348945,0.012674810811797235,0.0012107446834231338,-0.0003498278190822157,-0.000462377627538646,0.03266892284589096,0.04749421630082795,-0.004430825503815017,-0.00937021040942898,-0.0005588851223592428,-0.0011080394354800668,-0.0014645042254840882,0.03695959457113169,0.05373198462117583,-0.01042462518732537,-0.02204502122122934,-0.0017696298057657406,,,,,,,,,
S3,"S3 kinetic-loop inlet (X4, H2/CO2 0.42)",725.0,1.0,1.01325,0.0005052980920904653,0.0027656114586487313,0.0022603133665581006,2.0975001803431653e-06,4.015640035073885e-06,-1.558327524756747e-05,-3.2818452968852744e-05,0.0004939488769605004,0.0015135402329984142,0.0,2.0611131079650846e-06,3.945977505859233e-06,0.002729539981724538,0.0057484392111673,-1.1741740385540211e-05,-3.597940687327661e-05,0.0,-3.638702990175005e-08,-6.966255836071689e-08,0.0027451232568984313,0.005781257664086924,-0.0005056906173803773,-0.0015495196399036926,0.0,,,,,,,,,
S3,"S3 kinetic-loop inlet (X4, H2/CO2 0.42)",725.0,1.0,5.0,0.0035241595378396537,0.013436987025934322,0.009912827488092935,0.0007635127365461362,0.0014616394019140297,-0.0004633239296076533,-0.0009756720350466647,0.002366516913053507,0.007250531320435086,0.0012195346802472591,0.0006507728988441874,0.001245807960029155,0.011620152850277954,0.024470707712517803,-0.0003680726388705091,-0.001127742302872714,0.001039427889801825,-0.00011273983767426908,-0.00021583144189166179,0.012083476779945661,0.02544637974752264,-0.002734589551857099,-0.00837827362334823,-0.00018010679044180855,,,,,,,,,
S3,"S3 kinetic-loop inlet (X4, H2/CO2 0.42)",725.0,3.0,1.01325,0.0013743055281719588,0.008029566869133364,0.006655261340961595,5.242880670092761e-06,1.0037432021783648e-05,-0.00012745337014739128,-0.0002684074292916088,0.0012950961000329786,0.003967933945877146,0.0,4.932600800033882e-06,9.443404699882585e-06,0.007731817683567788,0.016282755068972032,-9.564102503578642e-05,-0.00029304459875367783,0.0,-3.102799177529328e-07,-5.940273291923232e-07,0.007859271053800814,0.016551162498139163,-0.0013907371249596455,-0.0042609785446871915,0.0,,,,,,,,,
S3,"S3 kinetic-loop inlet (X4, H2/CO2 0.42)",725.0,3.0,5.0,0.006931279419160422,0.033013395454963734,0.026082116035804834,0.0009624872937070246,0.0018424727930207606,-0.002242383476306416,-0.004721389184336256,0.00434991493460323,0.013324217791148068,0.0015369959592545154,0.00031007479539268967,0.0005935274894453002,0.025872620862776863,0.05447775792324361,-0.0019551757720476237,-0.00598952277079956,0.000494955907884842,-0.0006524124983407244,-0.0012489453036581416,0.028115004339029828,0.059199147107589535,-0.006305090706641182,-0.01931374056195383,-0.0010420400513726918,,,,,,,,,
S3,"S3 kinetic-loop inlet (X4, H2/CO2 0.42)",725.0,10.0,1.01325,0.003261217024640912,0.024031813268771574,0.020770596244129465,9.664494086329516e-06,1.8502545610053767e-05,-0.0010294819523759286,-0.0021677673859532088,0.002701917015972776,0.008275319614115114,0.0,6.891059536884292e-06,1.3192839112829978e-05,0.021249131444736613,0.0447447737186385,-0.0007495991826061976,-0.0022962515487029433,0.0,-2.7734345768755386e-06,-5.309706499565664e-06,0.022278613397164193,0.046912541104596195,-0.0034515161985762197,-0.010571571162830765,0.0,,,,,,,,,
S3,"S3 kinetic-loop inlet (X4, H2/CO2 0.42)",725.0,10.0,5.0,0.00854313562144565,0.0677261402743291,0.05918300465288365,0.0006473006743072576,0.0012391089389749994,-0.006207333438145975,-0.013067522828761518,0.0043196602306011175,0.013225650572293909,0.0010336391548119647,-0.0015830179071668615,-0.0030303620845134605,0.03736580054279626,0.07865674357082908,-0.006137461312114012,-0.018795426046649966,-0.002528006664904714,-0.0022303185814599377,-0.004269471023451814,0.04357313398094115,0.09172426639962178,-0.010457121542646261,-0.03202107661891152,-0.003561645819697215,,,,,,,,,
S3,"S3 kinetic-loop inlet (X4, H2/CO2 0.42)",750.0,1.0,1.01325,0.0006072604858004157,0.005190671510787337,0.004583411024986494,3.524278187897389e-06,8.697779622143104e-06,-4.4826318128642225e-05,-0.00012169472448127356,0.0005826425717694395,0.0023017025748310153,0.0,3.385994931659475e-06,8.35650201258531e-06,0.005065290900019281,0.01375139397878089,-2.6856795420915347e-05,-0.00010610398651078601,0.0,-1.3828321510870462e-07,-3.412776253871458e-07,0.005110117218188356,0.013873088703231642,-0.0006094993672551251,-0.002407806561269114,0.0,,,,,,,,,
S3,"S3 kinetic-loop inlet (X4, H2/CO2 0.42)",750.0,1.0,5.0,0.004590690808092651,0.02338244497678177,0.018791754168690108,0.0009625532452725658,0.0023751316669087677,-0.0011070973895950607,-0.003004704384607375,0.002855610946922828,0.011277827456540839,0.0015372441679558854,0.0006023858986292652,0.001486350509075085,0.019359521112191636,0.05254741984543066,-0.0008218600941606313,-0.0032462136005911857,0.0009619322890042081,-0.00036016734653102067,-0.000888781157860636,0.02046661850179472,0.05555212423000574,-0.0036774710411606112,-0.014524041057127797,-0.0005753118789448772,,,,,,,,,
S3,"S3 kinetic-loop inlet (X4, H2/CO2 0.42)",750.0,3.0,1.01325,0.0014614831999134057,0.014722921420591839,0.013261438220676245,7.751684063291974e-06,1.9130834207357937e-05,-0.000340481924729401,-0.0009242262972236776,0.0013031177564170606,0.005145975419468848,0.0,6.655941461874981e-06,1.642658516154416e-05,0.013703752042529271,0.03719915164094034,-0.00019516824924514786,-0.0007708702756320518,0.0,-1.0957426097978756e-06,-2.704249124282909e-06,0.01404423396728664,0.038123377938182636,-0.0014982860057351048,-0.005916845694981529,0.0,,,,,,,,,
S3,"S3 kinetic-loop inlet (X4, H2/CO2 0.42)",750.0,3.0,5.0,0.006939312082724463,0.05172278712588663,0.04478347504316366,0.0008945627447927819,0.002207249647459726,-0.003914542762354246,-0.010620889741242714,0.0038094277742035986,0.015035971376765768,0.0014284450606940474,-0.0006198655160105648,-0.0015296247934504237,0.03523763212123776,0.09560815768872855,-0.003244103955710176,-0.012808551151327618,-0.0009901191874539528,-0.001514428260752411,-0.0037368744409816204,0.039152174883679176,0.10622904742993831,-0.007053531729830052,-0.027844522528030005,-0.0024185642481548697,,,,,,,,,
S3,"S3 kinetic-loop inlet (X4, H2/CO2 0.42)",750.0,10.0,1.01325,0.0020419963419352804,0.04113237622229915,0.03909037988036113,9.686972094868213e-06,2.3907006563295145e-05,-0.0021758251680951014,-0.005904214630941639,0.0012822891606066545,0.005056601587318383,0.0,2.0574117132188263e-06,5.077577153178581e-06,0.032522826256081716,0.08825521099009859,-0.0009684247796959422,-0.0038221461417964338,0.0,-7.629560219366005e-06,-1.8829429524781782e-05,0.034698651424077895,0.09415942562115975,-0.0022507139404055743,-0.008878747729085257,0.0,,,,,,,,,
S3,"S3 kinetic-loop inlet (X4, H2/CO2 0.42)",750.0,10.0,5.0,0.004288354520412508,0.08824785075267949,0.08395949623226744,0.0005144455122134102,0.001269323189123173,-0.006435479023175652,-0.01746078021454243,0.00046662641967059205,0.0018288024764491874,0.000821427371345846,-0.002406459208925682,-0.00593772176919749,0.030921239885098317,0.0838823194735494,-0.0032272951347500634,-0.012722041291707287,-0.0038426715193917715,-0.002920904721143147,-0.007207044958322875,0.03735671890833306,0.10134309968796093,-0.0036939215544467413,-0.014550843768105018,-0.004664098890774099,,,,,,,,,
S3,"S3 kinetic-loop inlet (X4, H2/CO2 0.42)",775.0,1.0,1.01325,0.0005156004878140212,0.009286158996462901,0.008770558508646333,5.468703002367483e-06,1.632951885559633e-05,-0.00011741407245606387,-0.00038563388974324135,0.0004747528731020704,0.0022689604513582693,0.0,5.028304583820642e-06,1.501449055640869e-05,0.008879399936442822,0.02916402841385557,-4.259283249152812e-05,-0.00020360387483764342,0.0,-4.403984163025426e-07,-1.3150283031341387e-06,0.008996814008881051,0.02954966230359936,-0.0005173457056553005,-0.0024725643261463807,0.0,,,,,,,,,
S3,"S3 kinetic-loop inlet (X4, H2/CO2 0.42)",775.0,1.0,5.0,0.005067374678107201,0.037621269289346726,0.032553894611237644,0.001033441244862785,0.0030848444938711512,-0.002172765803280861,-0.0071317409207406245,0.0027962366274752798,0.013356829310212258,0.0016502780577715669,0.00013955352489158912,0.0004163288431141554,0.0287082474651007,0.0942432738900767,-0.0014711631087238608,-0.007029682685522065,0.0002226059199006425,-0.0008938877200052181,-0.0026685156508273605,0.030881013268340383,0.10137501481076831,-0.004267399736306542,-0.020386511995667406,-0.001427672137845823,,,,,,,,,
S3,"S3 kinetic-loop inlet (X4, H2/CO2 0.42)",775.0,3.0,1.01325,0.0007730772253147932,0.025409654949166915,0.024636577723847367,9.75194902645628e-06,2.911921216433295e-05,-0.0007873612315346251,-0.002585163868315638,0.0005797669098988657,0.0027669626478456456,0.0,6.661365717364198e-06,1.9890750646567312e-05,0.022252161089664213,0.07306433437043736,-0.00021807683063534977,-0.0010416851265765414,0.0,-3.0905834057758097e-06,-9.228461547716726e-06,0.02303952232114749,0.07564949823868705,-0.0007978437405793508,-0.0038086477743776506,0.0,,,,,,,,,
S3,"S3 kinetic-loop inlet (X4, H2/CO2 0.42)",775.0,3.0,5.0,0.004787118532133198,0.07284455456858685,0.06805743603645227,0.0007239923180229341,0.0021610218220333545,-0.005214680144085475,-0.01710983098254745,0.0016100347872578412,0.007673638840705152,0.0011560143214160712,-0.0017700565551725944,-0.005283738596542631,0.0383400783619231,0.1257710015320712,-0.0032000241117186023,-0.015273268690799147,-0.002826644009731316,-0.0024940488731712424,-0.007444760418492609,0.04355475850593149,0.1428808325145626,-0.004810058899067451,-0.022946907531432373,-0.003982658331095901,,,,,,,,,
S3,"S3 kinetic-loop inlet (X4, H2/CO2 0.42)",775.0,10.0,1.01325,-0.0018254143170712833,0.06442605874984775,0.06625147306691843,5.099327470491858e-06,1.5226453777282588e-05,-0.0034124892327073953,-0.011196893665089415,-0.0016597027284640995,-0.007924725784100273,0.0,-8.808079465794094e-06,-2.630085906285551e-05,0.041632656049714334,0.1366017479490611,0.0004049642189474234,0.0019366106895735145,0.0,-1.3907406865021343e-05,-4.152731276040045e-05,0.04504514528239356,0.14779864161408549,0.0020646669475033602,0.009861336473645718,0.0,,,,,,,,,
S3,"S3 kinetic-loop inlet (X4, H2/CO2 0.42)",775.0,10.0,5.0,-0.002575544092404973,0.1066473365536269,0.10922288064603192,0.00012255933328920304,0.00036554362761021366,-0.00468771084909485,-0.015393506808214137,-0.0040462605119696545,-0.019315031484836365,0.00019541051382287403,-0.0018831838005051171,-0.0056205080080168335,0.019719719523328405,0.06477684313989651,0.005630236465098415,0.026892697185459946,-0.0030063672892066684,-0.0020057431338271065,-0.005986051635625475,0.02440743037244869,0.08017034994811205,0.00967649697711341,0.04620772867033884,-0.003201777803010092,,,,,,,,,
S3,"S3 kinetic-loop inlet (X4, H2/CO2 0.42)",800.0,1.0,1.01325,-5.99565091871783e-05,0.015832003946175566,0.015891960455361728,7.644788962688844e-06,2.654222670791625e-05,-0.00027709280703445575,-0.0010579614961050631,-7.22683438739864e-05,-0.00040207769350339597,0.0,6.4424537982166186e-06,2.2367788463095728e-05,0.014602419419232349,0.05575523347595979,-3.126896558347525e-06,-1.7342676361664644e-05,0.0,-1.2023352089982065e-06,-4.174438255222929e-06,0.014879512226246248,0.05681319497208705,6.914144728472488e-05,0.0003847350171256106,0.0,,,,,,,,,
S3,"S3 kinetic-loop inlet (X4, H2/CO2 0.42)",800.0,1.0,5.0,0.004234194396711676,0.055676233489114324,0.05144203909240254,0.0009377288081230178,0.0032540571465725825,-0.003452395040434383,-0.013167772117265714,0.001695370286753468,0.009403258624663388,0.0014973119700627778,-0.0007760273754570113,-0.0026935609143630135,0.03671371209711394,0.1400321203253979,-0.001824913212344903,-0.01013276819618325,-0.0012395093342454366,-0.0017137561835642648,-0.005947618060950753,0.040166107137472665,0.1531998924426344,-0.0035202834990432502,-0.019536026820857203,-0.0027368213043003214,,,,,,,,,
S3,"S3 kinetic-loop inlet (X4, H2/CO2 0.42)",800.0,3.0,1.01325,-0.0013969967812110396,0.04103988820491444,0.042436884986125585,9.058099900569527e-06,3.1449006290004775e-05,-0.0015058688507974514,-0.005745584677260151,-0.001151117318864823,-0.006389744165053964,0.0,2.257006848083165e-06,7.83606907694967e-06,0.03224392943239618,0.1230317210958981,0.00029943193453341177,0.0016629286926972409,0.0,-6.80109303510118e-06,-2.361293706797801e-05,0.03374979828314126,0.12877730577323804,0.00145054925341382,0.008052672857700865,0.0,,,,,,,,,
S3,"S3 kinetic-loop inlet (X4, H2/CO2 0.42)",800.0,3.0,5.0,4.668115463578987e-05,0.09315279641044116,0.09310611525580528,0.00032153323230934135,0.0011152924686979612,-0.005233863402123442,-0.01996472176616015,-0.002008852017442618,-0.011166106828099775,0.000513110215743933,-0.0022263665553551304,-0.007725532422575565,0.03201829900325304,0.12208677374280219,0.0008480448958264608,0.004735951469325705,-0.003554756366531686,-0.002547899787760932,-0.008840824891335683,0.03725216240532819,0.14205149550900362,0.002856896913214224,0.015902058297425498,-0.004067866582248142,,,,,,,,,
S3,"S3 kinetic-loop inlet (X4, H2/CO2 0.42)",800.0,10.0,1.01325,-0.0075199995097886335,0.09045723968493002,0.09797723919471797,-6.167857924854921e-06,-2.1414464557406414e-05,-0.003333239632889555,-0.01271086068799737,-0.0033837962863376807,-0.01874810748094301,0.0,-1.4569458908764155e-05,-5.0583887756250334e-05,0.04014202560658764,0.15302537641899983,0.0037294918413616207,0.020670433615016526,0.0,-8.401600977425705e-06,-2.916942320949079e-05,0.04347526523944788,0.1657362371070975,0.007113288127604325,0.039418541095979226,0.0,,,,,,,,,
S3,"S3 kinetic-loop inlet (X4, H2/CO2 0.42)",800.0,10.0,5.0,-0.009561504127216633,0.12347290429551583,0.13303440842273226,-0.0004023007708512348,-0.0013965619829603773,-0.0018965594749175384,-0.007251195490712032,-0.004196027865596827,-0.023235888711877706,-0.0006426939168797247,0.00028051222621672256,0.0009762749487801647,0.009540269334526452,0.03650098608303787,0.008531376219797493,0.04724922188952541,0.00044968328392958057,0.0006828129970756769,0.002372836931787553,0.011436828809350402,0.04375218157376751,0.01272740408540668,0.07048511060133364,0.0010923772008367139,,,,,,,,,
S3,"S3 kinetic-loop inlet (X4, H2/CO2 0.42)",825.0,1.0,1.01325,-0.0015384708068033712,0.025626405919201956,0.027164876726003158,8.966744118130837e-06,3.522778479804218e-05,-0.000574153671630478,-0.0024794382993469045,-0.001259450410384937,-0.007908788823178395,0.0,6.165009411307487e-06,2.4220532862662125e-05,0.022165025800899296,0.09572181427134063,0.0002796915280656176,0.00175750876254821,0.0,-2.8017347401300408e-06,-1.100725189476584e-05,0.022739179472481587,0.09820125257069354,0.0015391419383770782,0.009666297585598888,0.0,,,,,,,,,
S3,"S3 kinetic-loop inlet (X4, H2/CO2 0.42)",825.0,1.0,5.0,0.0013905116719695573,0.07557182494802372,0.07418131327605297,0.000586968363733238,0.002303837010896097,-0.0044342136608021285,-0.019126307131511245,-0.0006862066211245907,-0.004331289776277883,0.0009369639825120056,-0.0017599202637691436,-0.006910154962694315,0.03887374303908342,0.16760687014653886,-0.0005403358535993608,-0.0033769471980721333,-0.0028103773068477444,-0.0023468886274947975,-0.009213991973628863,0.04330795669987737,0.18673317727799857,0.00014587076744079774,0.0009543425782472527,-0.0037473412893347657,,,,,,,,,
S3,"S3 kinetic-loop inlet (X4, H2/CO2 0.42)",825.0,3.0,1.01325,-0.005256934554528899,0.06104907263058579,0.0663060071851175,1.2721009305834141e-06,4.997377606500396e-06,-0.00216913784040543,-0.009356791301296808,-0.002971879078475818,-0.018621541632032956,0.0,-8.279375229847119e-06,-3.252746763882097e-05,0.03936748779903576,0.16980449200000303,0.0019560454054712295,0.012266124073714857,0.0,-9.551476164854078e-06,-3.7524845215852753e-05,0.04153662563941285,0.17916128330129516,0.004927924483953683,0.030887665705793543,0.0,,,,,,,,,
S3,"S3 kinetic-loop inlet (X4, H2/CO2 0.42)",825.0,3.0,5.0,-0.00654198736882485,0.11158249391220532,0.11812448128103153,-0.0004909966722995047,-0.0019290288519465627,-0.0036590812159956448,-0.015808197790107198,-0.004257502471540051,-0.026679804330754606,-0.0007845581613580895,-0.0004567612844480484,-0.0017891627174748679,0.021252895041554143,0.09183573104745435,0.006788801654569743,0.04257340271708043,-0.0007275943044549038,3.423538786281877e-05,0.00013986613448188634,0.024911976257556076,0.10764392883754678,0.01104630412617491,0.06925320704782717,5.696385690825978e-05,,,,,,,,,
S3,"S3 kinetic-loop inlet (X4, H2/CO2 0.42)",825.0,10.0,1.01325,-0.011393931966741606,0.10817166471290252,0.1195655966796438,-1.1514782466718818e-05,-4.523682139898587e-05,-0.001456847997527086,-0.006298037091433898,-0.0015556987285606904,-0.009807590728238896,0.0,1.6829920121419484e-05,6.611942611478572e-05,0.022132937768098992,0.09558684160538289,0.0037382053748813426,0.023476816756345942,0.0,2.834470248548604e-05,0.0001113562475153762,0.023589785765573343,0.10188487869683023,0.0052939041034850975,0.03328440748460726,0.0,,,,,,,,,
S3,"S3 kinetic-loop inlet (X4, H2/CO2 0.42)",825.0,10.0,5.0,-0.012411959444949053,0.13093368224025626,0.14334564168520542,-0.0001626987814599013,-0.0006381153494643393,-0.0001768727480799641,-0.0007680629237860961,-0.0006035661380182546,-0.003821816459198546,-0.00025951275403893886,0.001209175415733954,0.00474620601322584,0.0023457735302212512,0.010171112971790741,-0.00017417324393032008,-0.0010171338436198996,0.0019302717847180517,0.0013718741971716075,0.005384321362714856,0.0025226462783543846,0.010939175895536418,0.0004293928941780101,0.0028046826155904425,0.002189784538752515,,,,,,,,,
S3,"S3 kinetic-loop inlet (X4, H2/CO2 0.42)",850.0,1.0,1.01325,-0.0042134565835500876,0.03890157383079029,0.043115030414342136,6.3229149939707935e-06,2.7560783089205714e-05,-0.0009879423453727776,-0.004729639699515035,-0.0027640841856713247,-0.01921230652903158,0.0,1.1569701391378473e-06,5.04282814395296e-06,0.029903294051744633,0.14315215306380524,0.0011290483793113815,0.00785764409601264,0.0,-5.16594479103849e-06,-2.2517954903142345e-05,0.030891236397064155,0.14788179276333818,0.00389313256500632,0.02706995062494444,0.0,,,,,,,,,
S3,"S3 kinetic-loop inlet (X4, H2/CO2 0.42)",850.0,1.0,5.0,-0.0037430710268962367,0.09480617093769605,0.09854924196459178,-0.0002873429116864029,-0.0012537153561471338,-0.004532348602923585,-0.021687592515118346,-0.0032281962782431685,-0.02246290421182353,-0.0004594999753443525,-0.0015207124829219598,-0.006620102987356381,0.03355925330201792,0.16048433055422806,0.003320870803635856,0.02313242628655954,-0.0024272621745446976,-0.0012333695712865578,-0.005366387631193514,0.03809160190494515,0.1821719230693651,0.0065490670818863644,0.04559533049832733,-0.00196776219920064,,,,,,,,,
S3,"S3 kinetic-loop inlet (X4, H2/CO2 0.42)",850.0,3.0,1.01325,-0.009360265125566803,0.08033750008837526,0.08969776521394497,-1.3722426664983592e-05,-5.9814100089638014e-05,-0.0019616393167472615,-0.009382716768223257,-0.0027063546137985443,-0.01882072939225609,0.0,-1.0974998981838624e-05,-4.783802154406658e-05,0.03525761415290318,0.16854993784992112,0.0035404194661997623,0.0246001957290104,0.0,2.7474276700911737e-06,1.1976078593753381e-05,0.037219253469500044,0.17793265461809524,0.006246774079936637,0.043420925121150436,0.0,,,,,,,,,
S3,"S3 kinetic-loop inlet (X4, H2/CO2 0.42)",850.0,3.0,5.0,-0.011507278836607928,0.12524511881757316,0.13675239765418112,-0.0006553030222471081,-0.0028514467615823984,-0.0011147407364138929,-0.0053645029330091475,-0.0018351348409169355,-0.01275885006146709,-0.001045562586939209,0.002446143478743168,0.010651453929655386,0.009315935342468773,0.04486618324200109,0.0033917575932906896,0.02355841943733339,0.0039051920334542967,0.003101446500959615,0.013502900691198668,0.01043067607876258,0.05023068617498322,0.005226892434222197,0.036317269498745836,0.004950754620400011,,,,,,,,,
S3,"S3 kinetic-loop inlet (X4, H2/CO2 0.42)",850.0,10.0,1.01325,-0.012188202560337681,0.10727008823821038,0.11945829079854937,-6.231745557560772e-06,-2.71610415169838e-05,-0.00021093033739740842,-0.0010209106474959664,-0.00012722588394755395,-0.0009216038718239811,0.0,6.991255743493685e-05,0.00030472515120394394,0.0039957036087029385,0.019412972198246115,0.0005992752274142088,0.004252257351686217,0.0,7.614430303053144e-05,0.00033188619271463937,0.004206633945985638,0.020433882845707213,0.0007265011112693454,0.005173861223651058,0.0,,,,,,,,,
S3,"S3 kinetic-loop inlet (X4, H2/CO2 0.42)",850.0,10.0,5.0,-0.012559980849279919,0.1301110066948049,0.1426709875440881,-2.588388889595422e-05,-0.00011265860409208177,-7.898813851256459e-07,-3.856992193121064e-06,2.340478840365777e-05,0.00016166291885574488,-4.130762777511052e-05,0.0015819117821197493,0.006885796494845998,0.0014293217036331907,0.006847420309935569,-0.002708872314174937,-0.018851958434717986,0.0025247233679126513,0.0016077956709645291,0.006998455099038737,0.0014301115849199575,0.006851277302173664,-0.0027322771026433434,-0.019013621353635574,0.0025660309957301064,,,,,,,,,
S3,"S3 equilibrium-loop inlet (X4, H2/CO2 1.18)",600.0,1.0,1.01325,9.03496318514371e-05,9.034963185361455e-05,0.0,1.0523795515742954e-05,-1.622869014016189e-05,9.905986080236935e-05,-0.0001680738501471487,-1.9241449037883538e-05,4.751214713405661e-05,0.0,1.0523795571093508e-05,-1.622869013340189e-05,9.905986079195017e-05,-0.00016807385013750675,-1.9241449034090863e-05,4.751214716380848e-05,0.0,0.0,0.0,0.0,0.0,0.0,0.0,0.0,,,,,,,,,
S3,"S3 equilibrium-loop inlet (X4, H2/CO2 1.18)",600.0,1.0,5.0,0.006198202254313735,0.006198202254313334,0.0,0.005418449049843124,-0.008355480755487497,0.0016392896390794763,-0.0027813609271389646,-0.0012659013606704022,0.003125823442797675,0.008654779229228986,0.005418449049751639,-0.00835548075545367,0.0016392896391048684,-0.0027813609270899153,-0.0012659013606752811,0.0031258234427677944,0.008654779229215759,0.0,0.0,0.0,0.0,0.0,0.0,0.0,,,,,,,,,
S3,"S3 equilibrium-loop inlet (X4, H2/CO2 1.18)",600.0,3.0,1.01325,0.00027091883367721286,0.0002709188336765811,0.0,3.151102850804653e-05,-4.859298607305348e-05,0.0002969499401918275,-0.0005038318232724476,-5.769442706015325e-05,0.0001424626023898402,0.0,3.151102853649057e-05,-4.8592986118256576e-05,0.00029694994008455655,-0.000503831823348011,-5.7694427030297035e-05,0.00014246260245931452,0.0,0.0,0.0,0.0,0.0,0.0,0.0,0.0,,,,,,,,,
S3,"S3 equilibrium-loop inlet (X4, H2/CO2 1.18)",600.0,3.0,5.0,0.016469969934998326,0.016469969934997497,0.0,0.012667665651980211,-0.01953327459239861,0.004176130047390397,-0.007085594507633565,-0.0031508385365232316,0.007780224763462296,0.020224731304921088,0.012667665651919235,-0.019533274592442584,0.00417613004744799,-0.007085594507638683,-0.003150838536519762,0.007780224763548338,0.02022473130495639,0.0,0.0,0.0,-3.7050034733332064e-21,0.0,0.0,0.0,,,,,,,,,
S3,"S3 equilibrium-loop inlet (X4, H2/CO2 1.18)",600.0,10.0,1.01325,0.000901548479703643,0.0009015484797038065,0.0,0.00010433604017221615,-0.00016089596603343823,0.0009871610241732472,-0.0016749045642790504,-0.00019196693180791437,0.00047401695559621377,0.0,0.00010433604019643994,-0.00016089596600599165,0.000987161024179617,-0.0016749045642500127,-0.00019196693186451785,0.0004740169555678131,0.0,0.0,1.8525017366666032e-21,0.0,0.0,0.0,0.0,0.0,,,,,,,,,
S3,"S3 equilibrium-loop inlet (X4, H2/CO2 1.18)",600.0,10.0,5.0,0.03990526742529181,0.0399052674252921,0.0,0.02215712849769399,-0.034164370364340134,0.009489836182652832,-0.016101779623902378,-0.0066900163356073405,0.016520642628925844,0.035358931422275405,0.022157128497737877,-0.03416437036435904,0.009489836182649536,-0.01610177962385051,-0.006690016335603177,0.01652064262889774,0.03535893142226465,-7.410006946666413e-21,0.0,7.410006946666413e-21,0.0,-7.410006946666413e-21,7.410006946666413e-21,0.0,,,,,,,,,
S3,"S3 equilibrium-loop inlet (X4, H2/CO2 1.18)",625.0,1.0,1.01325,0.00024103229763123985,0.0002410322976329482,0.0,2.611820847179256e-05,-1.9330485630803386e-05,0.00028667641925011653,-0.0002333805663688134,-7.185419357048104e-05,8.509876872857524e-05,0.0,2.6118208437675428e-05,-1.933048559554784e-05,0.0002866764191783444,-0.00023338056639454763,-7.185419358124445e-05,8.509876867068833e-05,0.0,-4.631254341666508e-22,0.0,0.0,0.0,0.0,0.0,0.0,,,,,,,,,
S3,"S3 equilibrium-loop inlet (X4, H2/CO2 1.18)",625.0,1.0,5.0,0.014178501230704727,0.014178501230703966,0.0,0.011230674471523821,-0.008312172438088494,0.004831645820567096,-0.00393339393990025,-0.003886399918360574,0.004602767119092936,0.017932342140123698,0.0112306744715851,-0.008312172438165732,0.004831645820510544,-0.003933393939867247,-0.0038863999184096665,0.0046027671189968755,0.017932342140136726,0.0,0.0,0.0,0.0,0.0,0.0,0.0,,,,,,,,,
S3,"S3 equilibrium-loop inlet (X4, H2/CO2 1.18)",625.0,3.0,1.01325,0.0007222510503046707,0.0007222510503039903,0.0,7.797881774591854e-05,-5.771332201397314e-05,0.0008584850409288681,-0.0006988845887941596,-0.0002153327523636404,0.0002550241462759517,0.0,7.797881770021942e-05,-5.7713322049179894e-05,0.000858485040922119,-0.0006988845888261652,-0.00021533275234575378,0.00025502414618960856,0.0,0.0,0.0,0.0,0.0,0.0,0.0,0.0,,,,,,,,,
S3,"S3 equilibrium-loop inlet (X4, H2/CO2 1.18)",625.0,3.0,5.0,0.033432367330589505,0.033432367330590296,0.0,0.020620963680051396,-0.015262438890407265,0.010786268082446822,-0.008780922187822185,-0.008348300090140447,0.009887204533516082,0.03291039708674379,0.02062096368003752,-0.015262438890473183,0.010786268082393913,-0.008780922187809348,-0.00834830009014964,0.00988720453346803,0.032910397086745036,0.0,0.0,0.0,0.0,0.0,0.0,0.0,,,,,,,,,
S3,"S3 equilibrium-loop inlet (X4, H2/CO2 1.18)",625.0,10.0,1.01325,0.002397686857033283,0.0023976868570338983,0.0,0.0002555997502456074,-0.0001891733747090064,0.0028437322593921166,-0.0023150558909672985,-0.0007151263051348444,0.0008469429489575079,0.0,0.00025559975024014303,-0.00018917337467339035,0.002843732259366627,-0.0023150558908974217,-0.0007151263050897416,0.000846942948995455,0.0,0.0,0.0,0.0,0.0,0.0,0.0,0.0,,,,,,,,,
S3,"S3 equilibrium-loop inlet (X4, H2/CO2 1.18)",625.0,10.0,5.0,0.0669967854312707,0.06699678543127008,0.0,0.02519773979299915,-0.018649910533075076,0.022681480189535794,-0.018463369965541,-0.016223386222017494,0.01921549939596194,0.04021422448318546,0.02519773979290374,-0.01864991053299736,0.0226814801895181,-0.018463369965604493,-0.016223386221878022,0.019215499395919267,0.04021422448322487,0.0,0.0,0.0,-1.4820013893332826e-20,0.0,0.0,5.92800555733313e-21,,,,,,,,,
S3,"S3 equilibrium-loop inlet (X4, H2/CO2 1.18)",650.0,1.0,1.01325,0.0006136861170404281,0.0006136861170404906,0.0,6.208423788172041e-05,0.0,0.0008088437239833865,0.0,-0.0002578673644787916,0.0,0.0,6.208423785902806e-05,0.0,0.0008088437240511004,0.0,-0.00025786736436994584,0.0,0.0,0.0,0.0,0.0,0.0,0.0,0.0,0.0,,,,,,,,,
S3,"S3 equilibrium-loop inlet (X4, H2/CO2 1.18)",650.0,1.0,5.0,0.02888413331416889,0.028884133314169058,0.0,0.019202372453614586,0.0,0.012922925053056658,0.0,-0.010709742162462368,0.0,0.030649796534109423,0.01920237245370271,0.0,0.012922925053032719,0.0,-0.010709742162468006,0.0,0.030649796534129026,0.0,0.0,0.0,0.0,0.0,0.0,0.0,,,,,,,,,
S3,"S3 equilibrium-loop inlet (X4, H2/CO2 1.18)",650.0,3.0,1.01325,0.001836285896646931,0.0018362858966484152,0.0,0.0001841795766212729,0.0,0.002417894941160746,0.0,-0.0007724099116615925,0.0,0.0,0.00018417957662053563,0.0,0.002417894941114662,0.0,-0.0007724099116812599,0.0,0.0,0.0,0.0,0.0,0.0,0.0,0.0,0.0,,,,,,,,,
S3,"S3 equilibrium-loop inlet (X4, H2/CO2 1.18)",650.0,3.0,5.0,0.05864126311853208,0.05864126311853224,0.0,0.026644740984966934,0.0,0.016134759086572532,0.0,-0.010845989293770987,0.0,0.037606906398458886,0.026644740984962945,0.0,0.01613687265840935,0.0,-0.010943410225630612,0.0,0.03760779392719682,0.0,0.0,2.113571782865418e-06,0.0,-9.742093177793691e-05,0.0,8.875286969455187e-07,,,,,,,,,
S3,"S3 equilibrium-loop inlet (X4, H2/CO2 1.18)",650.0,10.0,1.01325,0.006066043196959092,0.006066043196959914,0.0,0.0005904880907194997,0.0,0.007961313223318845,0.0,-0.002561650878242917,0.0,0.0,0.000590488090776442,0.0,0.007961313223242561,0.0,-0.002561650878293853,0.0,0.0,0.0,0.0,0.0,0.0,0.0,0.0,0.0,,,,,,,,,
S3,"S3 equilibrium-loop inlet (X4, H2/CO2 1.18)",650.0,10.0,5.0,0.09188173836795034,0.09188808501780787,6.346649857395022e-06,0.018623104309511973,0.0,0.019158232562140054,0.0,-0.007211832246180674,0.0,0.028484815595620633,0.018746772998043393,0.0,0.019309558964797358,0.0,-0.00735751725773337,0.0,0.028550189369360712,0.00012366868853619815,0.0,0.00015132640268471058,0.0,-0.00014568501150542226,0.0,6.537377374673575e-05,,,,,,,,,
S3,"S3 equilibrium-loop inlet (X4, H2/CO2 1.18)",675.0,1.0,1.01325,0.0015159787031025415,0.0015159787031016059,0.0,0.0001434539042381017,9.830731737896464e-05,0.002285181640529222,0.0017223299768547463,-0.0009157965284937466,-0.0010042640119535269,0.0,0.0001434539042749483,9.830731742543897e-05,0.0022851816406321834,0.0017223299768248657,-0.0009157965285472303,-0.001004264011947309,0.0,0.0,0.0,0.0,0.0,0.0,0.0,0.0,,,,,,,,,
S3,"S3 equilibrium-loop inlet (X4, H2/CO2 1.18)",675.0,1.0,5.0,0.04802658412025807,0.04802972756712265,3.143446864311345e-06,0.020233615026878614,0.013897097612270044,-0.0017571783599493532,-0.001316270100855041,0.005868158673868855,0.006470985035517823,0.032436578817398795,0.020251247356584123,0.013880468627172626,-0.0017712436135713938,-0.0012512556295418698,0.005946661046560275,0.00647082058785331,0.03244435153620273,1.763232970993982e-05,-1.6628985057367534e-05,-1.406525365638333e-05,6.501447135690336e-05,7.850237267838362e-05,-1.6444775264060897e-07,7.772718844096255e-06,,,,,,,,,
S3,"S3 equilibrium-loop inlet (X4, H2/CO2 1.18)",675.0,3.0,1.01325,0.004525522106045135,0.004525522106046065,2.964002778666565e-22,0.00042031756189958407,0.00028803898227949473,0.006823820376544417,0.005143056769433933,-0.0027499562150003253,-0.0030156132637306887,0.0,0.00042031756191385217,0.00028803898229345926,0.006823820376533618,0.005143056769457699,-0.002749956215028493,-0.0030156132636710575,0.0,0.0,0.0,7.410006946666413e-21,0.0,0.0,0.0,0.0,,,,,,,,,
S3,"S3 equilibrium-loop inlet (X4, H2/CO2 1.18)",675.0,3.0,5.0,0.07977553407991747,0.0797781585965831,2.6245166631239315e-06,0.021527158085739642,0.014912239006461757,0.015928300459502887,0.012354521572633878,-0.0071247119853724145,-0.007054353243280201,0.03321369012724021,0.02152517660798936,0.014813030182603269,0.015902982995158466,0.012431907200516346,-0.007124105683292692,-0.007094090909945394,0.03322179860489438,-1.981477742479627e-06,-9.920882388844328e-05,-2.5317464321139675e-05,7.738562789653479e-05,6.06302086419525e-07,-3.9737666779639494e-05,8.108477667641912e-06,,,,,,,,,
S3,"S3 equilibrium-loop inlet (X4, H2/CO2 1.18)",675.0,10.0,1.01325,0.014836129836305667,0.014836129836305556,0.0,0.0012932771310484887,0.0008862702113936975,0.0224373521063438,0.016910506179451928,-0.009229002606024172,-0.01012065653598392,0.0,0.0012932771310286695,0.0008862702113449084,0.0224373521064275,0.016910506179479423,-0.009229002606073178,-0.010120656536058426,0.0,0.0,0.0,0.0,0.0,0.0,0.0,0.0,,,,,,,,,
S3,"S3 equilibrium-loop inlet (X4, H2/CO2 1.18)",675.0,10.0,5.0,0.11313455495342245,0.11719723536426951,0.004062680410848474,0.00575032173904845,0.004693506986258589,0.00707000766844261,0.005831577793012632,0.007477576923221527,0.007872713636034034,0.00966566930391613,0.01036154221532859,0.008119986146035152,0.027381735429707343,0.020999151257197757,-0.006133623063997451,-0.007369947893226536,0.017244905431474944,0.004611220476330316,0.003426479159726668,0.020311727761264192,0.015167573464184679,-0.013611199987170166,-0.015242661529231276,0.007579236127543778,,,,,,,,,
S3,"S3 equilibrium-loop inlet (X4, H2/CO2 1.18)",700.0,1.0,1.01325,0.003721186264237858,0.0037211862642375637,0.0,0.0003296328949308619,0.000435688621597968,0.006765311415158097,0.009844322972950867,-0.0033819530020186847,-0.00021446278135638702,0.0,0.0003296328948632077,0.00043568862168052997,0.00676531141521608,0.009844322972873965,-0.0033819530020184896,-0.000214462781342184,0.0,0.0,0.0,0.0,0.0,0.0,0.0,0.0,,,,,,,,,
S3,"S3 equilibrium-loop inlet (X4, H2/CO2 1.18)",700.0,1.0,5.0,0.06867984083958109,0.06868104701253241,1.2061729489892319e-06,0.023182672937127613,0.03104899954246565,0.014286802992238834,0.020605766465090283,-0.007488340754032222,-0.012888744415892606,0.03754128478781829,0.02313680594380474,0.03109985223382628,0.014244484424655313,0.020598652472603174,-0.007517608409862708,-0.012850806808509252,0.0375012901803673,-4.586699332731867e-05,5.085269129962589e-05,-4.231856752349123e-05,-7.11399251047453e-06,-2.9267655800460885e-05,3.7937607369678775e-05,-3.9994607457832554e-05,,,,,,,,,
S3,"S3 equilibrium-loop inlet (X4, H2/CO2 1.18)",700.0,3.0,1.01325,0.011104209936226565,0.011104209936227072,0.0,0.0009513523297140485,0.0012574374720777416,-0.011892574969275859,-0.019487765427704657,0.02052859357095701,0.048824730739536804,0.0,0.0009513523297560722,0.001257437471977041,-0.011889182217059147,-0.019482615653604318,0.020400830417949267,0.04881765079047806,0.0,0.0,0.0,3.3927521268110566e-06,5.149774143096455e-06,-0.00012776315293004252,-7.079949088918947e-06,0.0,,,,,,,,,
S3,"S3 equilibrium-loop inlet (X4, H2/CO2 1.18)",700.0,3.0,5.0,0.10022701489122546,0.10323525062632655,0.0030082357351033217,0.011534943614980794,0.014273414557682345,0.006267627229187417,0.009015247154477504,0.0057818840297638174,0.011836096179020442,0.01759760003259364,0.015754223337305362,0.019497994683082,0.021743889712486086,0.031481733918731214,-0.005924456547207191,-0.013287803374642526,0.023868855945786693,0.004219279722268633,0.005224580125410617,0.015476262483152736,0.022466486764279144,-0.01170634057707649,-0.02512389955364058,0.00627125591318434,,,,,,,,,
S3,"S3 equilibrium-loop inlet (X4, H2/CO2 1.18)",700.0,10.0,1.01325,0.028321615237161184,0.028324389613334944,2.774376175192333e-06,0.0021254651547828775,0.002106908588336929,-0.015435034974588691,-0.02303168966855231,0.03858858464327458,0.08166221999370682,0.0,0.0021951265933489728,0.002106711171931397,-0.015728310690729663,-0.023031689668562283,0.03850827356622344,0.08170807732764129,0.0,6.966143863391403e-05,-1.9741646318205376e-07,-0.00029327571615752517,0.0,-8.031107700345316e-05,4.585733406855852e-05,0.0,,,,,,,,,
S3,"S3 equilibrium-loop inlet (X4, H2/CO2 1.18)",700.0,10.0,5.0,0.11977848524331866,0.14422832545496056,0.024449840211641413,-0.000695623421729033,-0.0007277721443800511,-0.004316050027374993,-0.006521103556273236,0.012854833905874899,0.027791131732940802,-0.0013601807092225582,0.005344806961526949,0.006710455906466794,0.04329100520528151,0.062444706159178735,-0.010346041846465148,-0.021708166221950934,0.007288523753895548,0.006040430383316697,0.007438228050822126,0.047607055232748004,0.0689658097154578,-0.023200875752338226,-0.04949929795472997,0.008648704463113319,,,,,,,,,
S3,"S3 equilibrium-loop inlet (X4, H2/CO2 1.18)",725.0,1.0,1.01325,0.0063504588705409985,0.0063516962778200625,1.2374072791277858e-06,0.0005366060669034171,0.0010273232060486592,0.015426324613815627,0.032679771760288856,-0.009557204539561038,-0.029701658404214862,0.0,0.0005366300321357764,0.0010273690868894958,0.015433595422639779,0.03269508477207472,-0.009563102606222063,-0.029719732811850363,0.0,2.39652237248809e-08,4.5880878795976706e-08,7.2708087726465445e-06,1.5313011832914305e-05,-5.898066694485286e-06,-1.807440763019352e-05,0.0,,,,,,,,,
S3,"S3 equilibrium-loop inlet (X4, H2/CO2 1.18)",725.0,1.0,5.0,0.08818889435850481,0.09091641284118179,0.0027275184826757505,0.014281939423491097,0.027846729310902065,0.006796501451671044,0.012016573186142757,0.0047399190171954625,0.01201753555360209,0.023290918144343725,0.017544839215724584,0.033769726438129255,0.020913461891022833,0.040893572226669006,-0.005600593371898888,-0.02029914267735189,0.028211859367077707,0.003262899792232316,0.00592299712732355,0.014116960439323643,0.02887699904056352,-0.010340512389062388,-0.03231667823092481,0.004920941222745115,,,,,,,,,
S3,"S3 equilibrium-loop inlet (X4, H2/CO2 1.18)",725.0,3.0,1.01325,0.019434121505558816,0.019438767512219512,4.646006662570769e-06,0.0016473440671983634,0.0031538099797792647,0.03790517612428509,0.06502125429830967,-0.021528663749999667,-0.03764887628596941,0.0,0.0016475399574999994,0.0031541850037258845,0.037800282048200406,0.06495324404575675,-0.021544832965322835,-0.03769695760331426,0.0,1.9589032065365335e-07,3.750240054466959e-07,-0.0001048940760928921,-6.801025255898362e-05,-1.616921539898629e-05,-4.8081317290837216e-05,0.0,,,,,,,,,
S3,"S3 equilibrium-loop inlet (X4, H2/CO2 1.18)",725.0,3.0,5.0,0.10950225676313557,0.12725469389964827,0.017752437136513647,0.0034623217833172626,0.0075337430256887375,-0.00246503774250853,-0.005370385264683725,0.011580981641732407,0.036307167675453736,0.0061830808221369216,0.008715412430959635,0.01740978874927024,0.03618100431689586,0.07525313309343362,-0.009172474079399695,-0.026486482820362034,0.014417938801211116,0.005253090647604729,0.00987604572359451,0.03864604205951567,0.08062351835809722,-0.02075345572110695,-0.06279365049586971,0.008234857979076901,,,,,,,,,
S3,"S3 equilibrium-loop inlet (X4, H2/CO2 1.18)",725.0,10.0,1.01325,0.057065115868435566,0.05708246295903596,1.734709059839449e-05,0.004051156539927429,0.005628360491626884,0.06668368814877479,0.1430081395297633,-0.02060520033891934,-0.060843721217264564,0.0,0.004157890258360553,0.005969943338424155,0.0664851326599325,0.1425057144829711,-0.020939465671257484,-0.060725645748077595,0.0,0.00010673371848274668,0.00034158284679541016,-0.00019855548882665862,-0.0005024250467863916,-0.00033426533238045187,0.00011807546904577345,0.0,,,,,,,,,
S3,"S3 equilibrium-loop inlet (X4, H2/CO2 1.18)",725.0,10.0,5.0,0.11330387176919123,0.1782710952704285,0.06496722350123844,-0.004641228060124278,-0.007753856423892147,-0.013271830934942844,-0.028566485508240216,0.00818108919246989,0.025525503560017492,-0.006396505455079915,4.7696070204494845e-06,-0.0007402778180815028,0.06280829381720143,0.13452780169471157,-0.011155012277108689,-0.03620756875812037,-0.0012706879490453904,0.004645997667092686,0.007013578605793297,0.07608012475207732,0.16309428720287336,-0.019336101469590722,-0.06173307231819754,0.00512581750605659,,,,,,,,,
S3,"S3 equilibrium-loop inlet (X4, H2/CO2 1.18)",750.0,1.0,1.01325,0.012764960376962859,0.012764960376963952,0.0,0.0009842017319730643,0.0026762160281295234,0.00936085256273817,0.03953215573447321,0.0016752451227753165,-0.02913173614672751,0.0,0.001018720894763181,0.0025526016861315837,0.009297755492138071,0.03957367245139565,0.001780096083658922,-0.029135201878505157,0.0,3.451916274615263e-05,-0.0001236143419608031,-6.309707063617735e-05,4.151671686338342e-05,0.00010485096092959433,-3.4657318315643786e-06,0.0,,,,,,,,,
S3,"S3 equilibrium-loop inlet (X4, H2/CO2 1.18)",750.0,1.0,5.0,0.09863457572837538,0.11233407513427829,0.013699499405902931,0.00814666926791767,0.020807983146405376,-0.0021262678858186,-0.0052519333392325035,0.01004858220354371,0.03963551305986787,0.013867468701976998,0.01162713716774122,0.03061519190416251,0.028549718633158472,0.07889408401730857,-0.007012995420691004,-0.02740620420833839,0.020329543749181278,0.0034804678998856965,0.009807208757737834,0.03067598651892672,0.084146017356557,-0.017061577624186877,-0.06704171726818671,0.006462075047194635,,,,,,,,,
S3,"S3 equilibrium-loop inlet (X4, H2/CO2 1.18)",750.0,3.0,1.01325,0.0364824035545397,0.03648506758578529,2.664031245235224e-06,0.002016332390920167,0.00500056840685506,0.03788642047191336,0.12084356489908427,-0.006782979693274217,-0.05672291481482461,0.0,0.0020356432797213886,0.004829259768071581,0.03794959005408716,0.12353431790247116,-0.006997740484390724,-0.060555683159821405,0.0,1.9310888784499417e-05,-0.00017130863878109354,6.316958223308495e-05,0.002690753003451187,-0.00021476079115268336,-0.0038327683449627006,0.0,,,,,,,,,
S3,"S3 equilibrium-loop inlet (X4, H2/CO2 1.18)",750.0,3.0,5.0,0.10856724891409662,0.15551183585643868,0.0469445869423428,0.00025708793991510714,-0.0007206540349885548,-0.009774747786159277,-0.02602674607940364,0.009784166443823489,0.03842346272375577,-0.0006950599635198451,0.002645389908181861,0.007394926171030991,0.05200595136376218,0.1433088000544841,-0.00996313860841258,-0.038860186707317945,0.004380070870734221,0.0023883019682931217,0.008115580206006535,0.061780699149962225,0.16933554613388202,-0.01974730505222618,-0.07728364943106608,0.005075130834246294,,,,,,,,,
S3,"S3 equilibrium-loop inlet (X4, H2/CO2 1.18)",750.0,10.0,1.01325,0.081402484048471,0.10047843495987385,0.01907595091140274,0.0006915386691314085,0.0010947576498662043,0.00507788667273093,0.017883242283156173,0.022674847062688352,0.07910930421435038,0.0,0.0018539897775005088,0.005572954072047276,0.08113132687699032,0.23080919752509477,-0.00900076849872089,-0.06394702750443515,0.0,0.0011624511084259992,0.004478196422210215,0.07605344020420474,0.21292595524189958,-0.03167561556144298,-0.14305633171881302,0.0,,,,,,,,,
S3,"S3 equilibrium-loop inlet (X4, H2/CO2 1.18)",750.0,10.0,5.0,0.09005339101326094,0.22672094634249496,0.13666755532923444,-0.0059810858734556105,-0.015351622334843634,-0.024459934350342175,-0.06176112314512892,-0.001870163113500481,-0.011666076695869554,-0.009722520650471134,-0.004778093581869758,-0.010319770471253764,0.08698925661165535,0.23104764265888256,-0.002924406826887438,-0.007221138735319377,-0.007183018705895217,0.0012029922915803015,0.005031851863585013,0.1114491909619944,0.2928087658039605,-0.0010542437134074267,0.004444937960568912,0.0025395019445476064,,,,,,,,,
S3,"S3 equilibrium-loop inlet (X4, H2/CO2 1.18)",775.0,1.0,1.01325,0.02388223482946809,0.024458549295709564,0.0005763144662415482,0.0010039359839163556,0.003662373798247153,0.014780681476698424,0.04787571537331111,0.004892505701839696,0.02441875839840936,0.0,0.0011970473090039402,0.004020262295137411,0.02747216361689564,0.08861306460025975,-0.005763524356711125,-0.02485584945911279,0.0,0.00019311132520064792,0.00035788849687168637,0.01269148214029954,0.04073734922697539,-0.010656030058595008,-0.049274607857473576,0.0,,,,,,,,,
S3,"S3 equilibrium-loop inlet (X4, H2/CO2 1.18)",775.0,1.0,5.0,0.10124380678867463,0.1361031070843286,0.03485930029565215,0.003918737607918818,0.011612130117814173,-0.007059910803614011,-0.024058952801917985,0.00897587859195366,0.04500370707902629,0.00619439138629066,0.006752029897988399,0.019623630845333473,0.04174799929721751,0.13965961800125326,-0.006974160837042165,-0.03736332027184375,0.010367778259390281,0.002833292290045815,0.00801150072747732,0.04880791010080671,0.1637185708032068,-0.01595003942900207,-0.08236702735085477,0.00417338687310323,,,,,,,,,
S3,"S3 equilibrium-loop inlet (X4, H2/CO2 1.18)",775.0,3.0,1.01325,0.05346052688204565,0.06479963083539342,0.011339103953348103,0.0016235839155749957,0.004513987687110657,0.0036568177794836856,0.0115502817184171,0.02571724262185396,0.11920411029671153,0.0,0.002912203883498332,0.00810256036132273,0.05835031068708307,0.18948691385690386,-0.005561344802612611,-0.03575864919310445,0.0,0.0012886199679869141,0.00358857267419477,0.05469349290752271,0.17793663213847355,-0.031278587424382,-0.1549627594898786,0.0,,,,,,,,,
S3,"S3 equilibrium-loop inlet (X4, H2/CO2 1.18)",775.0,3.0,5.0,0.09445943631528211,0.19133906063363493,0.0968796243183517,-0.004142049803790293,-0.012363020451679195,-0.017025261426055482,-0.059256104298166516,0.0006849954304843225,0.0074240134547511735,-0.006613242574276812,-0.0033319998029690545,-0.009939951901682953,0.072022403468186,0.23919771529385125,-0.005194285488382966,-0.028400189472138623,-0.00531459361223674,0.0008100500008181161,0.002423068549974039,0.08904766489422102,0.2984538195920254,-0.005879280918846472,-0.035824202926855106,0.0012986489620528396,,,,,,,,,
S3,"S3 equilibrium-loop inlet (X4, H2/CO2 1.18)",775.0,10.0,1.01325,0.07275902272447853,0.15680407182732425,0.08404504910284323,-0.0006345850514812706,-0.002113732464723364,-0.021080210840360852,-0.06893386005000814,0.013362746927040453,0.06242793913294742,0.0,0.0015798994639271147,0.0072317633843382865,0.11384080618973835,0.36991121532982674,-0.015207665887789767,-0.06631246125227142,0.0,0.002214484515459733,0.009345495849009955,0.13492101703010856,0.4388450753798804,-0.028570412814786852,-0.12874040038509568,0.0,,,,,,,,,
S3,"S3 equilibrium-loop inlet (X4, H2/CO2 1.18)",775.0,10.0,5.0,0.050433797979475996,0.3028999423293063,0.252466144349832,-0.005703746426055298,-0.01701978611139427,-0.0339993641598783,-0.11157162477869377,-0.00873522342534714,-0.04166987067212805,-0.009102102966897507,-0.0016824623202710276,-0.00502018154687478,0.11585088657231901,0.3801796195449264,0.01163633894821492,0.055519295031744575,-0.002684660754388446,0.004021284105869272,0.011999604564508215,0.1498502507321732,0.49175124432358636,0.020371562373566743,0.09718916570387454,0.0064174422125024,,,,,,,,,
S3,"S3 equilibrium-loop inlet (X4, H2/CO2 1.18)",800.0,1.0,1.01325,0.0311868499796304,0.04138778562766521,0.010200935648033028,0.0016733398882660955,0.005808871093556777,-0.001935115995320598,-0.007390092999919311,0.022564512805154768,0.12523459789235317,0.0,0.002177991187793382,0.007560780593615646,0.03645379188757791,0.13920410368208624,-0.001825072514610726,-0.010136813373340381,0.0,0.0005046512995777672,0.0017519095000967724,0.03838890788292791,0.14659419668192877,-0.02438958531983267,-0.13537141126576366,0.0,,,,,,,,,
S3,"S3 equilibrium-loop inlet (X4, H2/CO2 1.18)",800.0,1.0,5.0,0.09337944036597408,0.16349983823830216,0.07012039787232799,-0.001033575750841384,-0.0035885719891780993,-0.013502301915226805,-0.05154307172238158,0.003453904622518003,0.019148829655746963,-0.0016515434358074788,-0.0008247331630628629,-0.0028565593067880757,0.058636791619082196,0.22382037409939548,-0.005806693924503836,-0.032237541534244074,-0.0013135350969817328,0.00020884258777088827,0.0007320126824545553,0.07213909353429478,0.2753634458218797,-0.009260598546941001,-0.05138637118993726,0.00033800833880076597,,,,,,,,,
S3,"S3 equilibrium-loop inlet (X4, H2/CO2 1.18)",800.0,3.0,1.01325,0.05504796502731718,0.10254359019107762,0.04749562516376003,0.0010262706841077454,0.003561818806050755,-0.01030064907465069,-0.03932136210507333,0.02341199447738959,0.12963822982388318,0.0,0.003087120831515855,0.010715167710412254,0.08160892038892587,0.3114869132674031,-0.007644253197169881,-0.04238439514551717,0.0,0.002060850147344445,0.007153348904390122,0.09190956946354012,0.35080827537244536,-0.03105624767462071,-0.17202262496936374,0.0,,,,,,,,,
S3,"S3 equilibrium-loop inlet (X4, H2/CO2 1.18)",800.0,3.0,5.0,0.06474269371752985,0.24273189233552817,0.17798919861799836,-0.0057552309196375745,-0.01996116138054428,-0.027887063756109817,-0.1064000287036574,-0.005895605808476159,-0.03270312705647219,-0.0091831947198244,-0.004133365245284626,-0.014333183026704612,0.09885388451425503,0.37716260733663687,0.0049129715296386545,0.027270139243848468,-0.006593575011957231,0.0016218656744351745,0.005627978353853896,0.1267409482703291,0.48356263604033,0.010808577338104058,0.05997326630039212,0.002589619707888402,,,,,,,,,
S3,"S3 equilibrium-loop inlet (X4, H2/CO2 1.18)",800.0,10.0,1.01325,0.043178874939847844,0.2258404804480173,0.18266160550817132,-0.001571030014891478,-0.005452998408776548,-0.02782537397919716,-0.10612654280640413,-0.003205253486131092,-0.017542154102524396,0.0,0.0018726617312975202,0.006497874971725382,0.1292643795220677,0.49297064139104946,-0.006486837673161383,-0.03601604287618576,0.0,0.0034436917462077332,0.011950873380463247,0.15708975350127372,0.5990971841974918,-0.0032815841870384443,-0.018473888773667957,0.0,,,,,,,,,
S3,"S3 equilibrium-loop inlet (X4, H2/CO2 1.18)",800.0,10.0,5.0,0.016413635542461162,0.3888524657216792,0.3724388301792167,2.200338964216883e-05,6.756827340545155e-05,-0.02505058512978697,-0.09549935630348669,-0.0018114568908166734,-0.010021990653324899,2.9668007467710533e-05,-0.0005696956978135104,-0.0019773053824917453,0.11093129127523749,0.42290894246480865,0.0038745871594303427,0.021461871457242876,-0.0009098924870820646,-0.0005916990875154404,-0.00204487365586814,0.13598187640496417,0.5184082987682705,0.0056860440502432,0.031483862110565086,-0.0009395604945255931,,,,,,,,,
S3,"S3 equilibrium-loop inlet (X4, H2/CO2 1.18)",825.0,1.0,1.01325,0.03465903901000152,0.06551530495317637,0.030856265943172007,0.001813193362125605,0.0071214056775540865,-0.004043401705327611,-0.01746872221957442,0.020130616493256766,0.1261899880437312,0.0,0.0027829243665788983,0.010930329741806744,0.05511530345600202,0.23807516130115444,-0.0030701399834437426,-0.01927364322502345,0.0,0.0009697310044589312,0.0038089240641140526,0.05915870516123309,0.2555438835207453,-0.023200756476752984,-0.1454636312687603,0.0,,,,,,,,,
S3,"S3 equilibrium-loop inlet (X4, H2/CO2 1.18)",825.0,1.0,5.0,0.07194768983864765,0.19757150687889924,0.1256238170402526,-0.004867308229700509,-0.019088915861144307,-0.021315458016633523,-0.09203448302196916,-0.003791737232265377,-0.02382323824642145,-0.007763185917613602,-0.00476974926705287,-0.018701547994315337,0.0785279430264102,0.3390422191249215,0.0014923592824178655,0.009397925085613545,-0.007605579112701655,9.75589627062734e-05,0.00038736786676304974,0.09984340104296323,0.43107670214694477,0.005284096514678038,0.03322116333203083,0.00015760680488807743,,,,,,,,,
S3,"S3 equilibrium-loop inlet (X4, H2/CO2 1.18)",825.0,3.0,1.01325,0.04289663126468552,0.15017909235497584,0.10728246109029188,3.726507012188213e-05,0.00014506561298519016,-0.015869773017504647,-0.06850192702778299,0.006397277589239962,0.04009339450788234,0.0,0.002804456726843152,0.011011469420488251,0.10355270412281681,0.44688283977744603,-0.0069232455571194285,-0.04337249549689892,0.0,0.0027671916566582994,0.010866403807527,0.11942247714034557,0.5153847668051794,-0.013320523146356789,-0.08346589000479479,0.0,,,,,,,,,
S3,"S3 equilibrium-loop inlet (X4, H2/CO2 1.18)",825.0,3.0,5.0,0.031056401542417608,0.31177331192105195,0.28071691037863294,-0.002629901088107428,-0.01032892958808592,-0.029567903720311393,-0.12751035337079888,-0.00502508837289823,-0.031490022845652534,-0.004200843695582254,-0.0012328362639729695,-0.004843661607392691,0.11887484636164125,0.5126968654379976,0.006837149913968554,0.042866895251020276,-0.001969974002800079,0.0013970648241559691,0.005485267980673281,0.14844275008198682,0.6402072188088193,0.011862238286887428,0.07435691809663386,0.0022308696927730853,,,,,,,,,
S3,"S3 equilibrium-loop inlet (X4, H2/CO2 1.18)",825.0,10.0,1.01325,0.014687317151113358,0.2821903360531254,0.2675030189020122,-0.001588776427878958,-0.006237993632806758,-0.019157218551989902,-0.08261549324172783,-0.0036729013757377284,-0.02304528425062882,0.0,-0.00010919693399502606,-0.0004323450544185814,0.0981830288222546,0.4233799414881361,0.00135611507477984,0.008428596435747227,0.0,0.0014795794938862739,0.005805648578448286,0.11734024737429793,0.5059954347299778,0.005029016450472379,0.0314738806863335,0.0,,,,,,,,,
S3,"S3 equilibrium-loop inlet (X4, H2/CO2 1.18)",825.0,10.0,5.0,0.014807142004994969,0.4172705886632414,0.4024634466582471,0.003987470970036712,0.015647999695224273,0.001627587774027375,0.006902390467387842,0.011823519202594892,0.07410485197309487,0.006363956952168803,-0.0031055674746843787,-0.012191406940675886,0.03747931622286316,0.16215799706225664,-0.011956367955273661,-0.07492835256452945,-0.004958241828222354,-0.007093038444726252,-0.027839406635912774,0.03585172844884493,0.1552556065948396,-0.023779887157858448,-0.14903320453770047,-0.011322198780393533,,,,,,,,,
S3,"S3 equilibrium-loop inlet (X4, H2/CO2 1.18)",850.0,1.0,1.01325,0.0315373640467173,0.09671635383319355,0.06517898978647634,0.001483985902294739,0.006464520045475555,-0.00711730933744114,-0.0340961132739551,0.011304316890834755,0.07838692974529524,0.0,0.0030267411882944906,0.013186400273226817,0.07396208240761093,0.35420476159302716,-0.003698915074315523,-0.025710696483396966,0.0,0.0015427552860543953,0.006721880227684995,0.08107939174499847,0.3883008748668987,-0.015003231965160166,-0.10409762622861467,0.0,,,,,,,,,
S3,"S3 equilibrium-loop inlet (X4, H2/CO2 1.18)",850.0,1.0,5.0,0.04326893593650216,0.24461805284451765,0.20134911690801566,-0.0033073893425607584,-0.01440687317296029,-0.026725481755107694,-0.12789249174664924,-0.006107322997573814,-0.042490359776172104,-0.005281736063589421,-0.002606267880975177,-0.011354176865047139,0.10191676031928165,0.48777758915356245,0.0066345515207566486,0.046183290208126615,-0.004162496068581545,0.0007011214615854078,0.003052696307871694,0.1286422420743602,0.6156700809002262,0.012741874518325952,0.08867364998433394,0.0011192399949941367,,,,,,,,,
S3,"S3 equilibrium-loop inlet (X4, H2/CO2 1.18)",850.0,3.0,1.01325,0.02193490975819872,0.19601086764585252,0.1740759578876551,-0.0009378334953619519,-0.004087371122127835,-0.016440559338072244,-0.07863585088505198,-0.003486908310929796,-0.023990959910515433,0.0,0.001244125394900264,0.005414106630427518,0.09988445547255975,0.47764088311472164,-0.0017852001333529266,-0.01246558520339447,0.0,0.0021819588902564913,0.009501477752573567,0.11632501481068577,0.556276733999831,0.001701708177513639,0.011525374707129638,0.0,,,,,,,,,
S3,"S3 equilibrium-loop inlet (X4, H2/CO2 1.18)",850.0,3.0,5.0,0.013285983821489013,0.3628813307441713,0.3495953469226833,0.00038192408737701064,0.0016571782950342959,-0.012774808977416207,-0.061054482972248324,0.0038475832103536736,0.026843698006145774,0.0006079419187910232,-0.0007937227418236548,-0.003458318874957622,0.0857066680980123,0.4097121000239651,-0.004149575028161712,-0.028941476687535658,-0.0012678068980831458,-0.0011756468291837519,-0.005115497169970451,0.09848147707543775,0.47076658299612106,-0.007997158238523538,-0.055785174693699646,-0.0018757488168413827,,,,,,,,,
S3,"S3 equilibrium-loop inlet (X4, H2/CO2 1.18)",850.0,10.0,1.01325,0.0031907050933337147,0.28314549207335304,0.2799547869800218,-0.0007586376102186902,-0.0033022121386333666,-0.004092284891876047,-0.019662946289557073,-9.190796757749253e-05,-0.0006745736915832884,0.0,-0.0019508854580158053,-0.00849758935465017,0.03171929841968568,0.1523277348942781,0.0007123320597796079,0.004986020196606766,0.0,-0.0011922478477643939,-0.005195377216056507,0.03581158331154993,0.17199068118374933,0.0008042400273841621,0.005660593888175135,0.0,,,,,,,,,
S3,"S3 equilibrium-loop inlet (X4, H2/CO2 1.18)",850.0,10.0,5.0,0.02948410600348218,0.39211016728026704,0.36262606127678176,0.001689235773067073,0.007364003155174714,0.005277196111743397,0.025230060704558004,0.009976588148319192,0.06939938518142498,0.0026993777574705474,-0.000983459053641167,-0.00428862411534503,0.002415188939006163,0.01206558905173516,-0.00722654326119343,-0.05031459789280324,-0.0015719705140682105,-0.0026726948266941886,-0.011652627270523908,-0.0028620071727436525,-0.01316447165275597,-0.017203131409530836,-0.11971398307417114,-0.00427134827155895,,,,,,,,,
S2,"S2 equilibrium-loop inlet (X4, H2/CO2 1.64)",850.0,1.0,1.01325,0.020240299411903386,,,,,,,,,,,,,,,,,,,,,,,,0.1354891671762506,0.09792918111706239,-0.11668863924401418,0.015857173590730356,-0.02361941202690676,-0.00367067428501313,0.004373815742859857,0.018754597150558248,-0.027935211739359145
S2,"S2 equilibrium-loop inlet (X4, H2/CO2 1.64)",850.0,3.0,1.01325,0.04009000480088204,,,,,,,,,,,,,,,,,,,,,,,,0.2986404091490482,0.14969610755482532,-0.17836531391532962,0.016549314282865435,-0.024649310980789926,-0.01429264551366053,0.01703015850536716,0.03405838285474236,-0.05072889430691695
S2,"S2 equilibrium-loop inlet (X4, H2/CO2 1.64)",850.0,10.0,1.01325,0.06501129988701042,,,,,,,,,,,,,,,,,,,,,,,,0.42864362419485647,0.03411208765704554,-0.04064985066808691,-0.007164310499740978,0.010671248043336856,-0.024094242220089324,0.028709261066209302,0.047893077632535364,-0.07133206218694899
S2,"S2 equilibrium-loop inlet (X4, H2/CO2 1.64)",875.0,1.0,1.01325,0.028269095426718766,,,,,,,,,,,,,,,,,,,,,,,,0.17536626225918506,0.11777488854978757,-0.1022439928369534,0.019928903476570947,-0.021626229477511583,-0.006375898610230888,0.005535122565785214,0.02531204129650232,-0.027467860507580065
S2,"S2 equilibrium-loop inlet (X4, H2/CO2 1.64)",875.0,3.0,1.01325,0.050548521448654835,,,,,,,,,,,,,,,,,,,,,,,,0.35300957121566945,0.14438023176666648,-0.12534379749883917,0.012880065183115685,-0.013976890455780213,-0.02046742156086006,0.017768605099449317,0.04001287359739324,-0.04342049672959834
S2,"S2 equilibrium-loop inlet (X4, H2/CO2 1.64)",875.0,10.0,1.01325,0.07123275702232829,,,,,,,,,,,,,,,,,,,,,,,,0.4494860488042456,0.020155819821424115,-0.017496211906228853,-0.013006523575537221,0.014114177227642079,-0.025154771283888988,0.021837664940173307,0.04189668234416376,-0.04546419718438159
S2,"S2 equilibrium-loop inlet (X4, H2/CO2 1.64)",900.0,1.0,1.01325,0.037611648874887674,,,,,,,,,,,,,,,,,,,,,,,,0.21989005374794068,0.13546285544370207,-0.07622262357349918,0.0228020364530096,-0.016037688326070443,-0.01035680716022936,0.005827600680710469,0.032061852796691145,-0.02255045213229237
S2,"S2 equilibrium-loop inlet (X4, H2/CO2 1.64)",900.0,3.0,1.01325,0.058321750141540465,,,,,,,,,,,,,,,,,,,,,,,,0.40005225331512473,0.1294734243763862,-0.07285649334872746,0.0038817103251903573,-0.002730617352331155,-0.02755856723056123,0.015507110777640727,0.03968372399367967,-0.027912122995196045
S2,"S2 equilibrium-loop inlet (X4, H2/CO2 1.64)",900.0,10.0,1.01325,0.061178054605109444,,,,,,,,,,,,,,,,,,,,,,,,0.46804565673456167,0.018470409104712204,-0.010390440904328724,-0.011950656288520212,0.00840590761268245,-0.021270006203000756,0.011967865670822406,0.01777221838772467,-0.012500588754488055
S2,"S2 equilibrium-loop inlet (X4, H2/CO2 1.64)",925.0,1.0,1.01325,0.04705514635430275,,,,,,,,,,,,,,,,,,,,,,,,0.26661386977844936,0.14876625688963474,-0.04072368478114374,0.02226527270499934,-0.007618706762074767,-0.016107980693612182,0.004409411853648071,0.03674993525290323,-0.01257485539048614
S2,"S2 equilibrium-loop inlet (X4, H2/CO2 1.64)",925.0,3.0,1.01325,0.0555831044529598,,,,,,,,,,,,,,,,,,,,,,,,0.43565296010713206,0.1138083968920428,-0.031155690273526604,-0.009910117863495826,0.003390843144415734,-0.03438519769527904,0.009412883813965378,0.02398281056613747,-0.008207027052344398
S2,"S2 equilibrium-loop inlet (X4, H2/CO2 1.64)",925.0,10.0,1.01325,0.03171407574490841,,,,,,,,,,,,,,,,,,,,,,,,0.4937209157919189,0.018711455484970996,-0.005120403458352962,-0.0012065248373605009,0.0004127614142535041,-0.01325946898499148,0.0036291695671432714,-0.003744204469562258,0.0012816737944804785
S2,"S2 equilibrium-loop inlet (X4, H2/CO2 1.64)",950.0,1.0,1.01325,0.05280045056785546,,,,,,,,,,,,,,,,,,,,,,,,0.3109853460559071,0.15627491081217915,0.0,0.013885466991250817,0.0,-0.024661165888601073,0.0,0.0332228222861386,0.0
S2,"S2 equilibrium-loop inlet (X4, H2/CO2 1.64)",950.0,3.0,1.01325,0.03399314528652142,,,,,,,,,,,,,,,,,,,,,,,,0.46323209771143015,0.10910207438438735,0.0,-0.014721440415327303,0.0,-0.03605567548922474,0.0,-0.0012662413971442285,0.0
S2,"S2 equilibrium-loop inlet (X4, H2/CO2 1.64)",950.0,10.0,1.01325,0.0025827013556555247,,,,,,,,,,,,,,,,,,,,,,,,0.5249816561509233,0.010906105232033614,0.0,0.002841248638463245,0.0,-0.004631012535162159,0.0,-0.00316944805424476,0.0
S2,"S2 equilibrium-loop inlet (X4, H2/CO2 1.64)",975.0,1.0,1.01325,0.04670457539701526,,,,,,,,,,,,,,,,,,,,,,,,0.3466788885932257,0.16119544818674336,0.04186417942139142,-0.0039529410156669,-0.0012830592841794886,-0.03572269355700264,-0.009277520383752305,0.014550143604469441,0.004723852279074105
S2,"S2 equilibrium-loop inlet (X4, H2/CO2 1.64)",975.0,3.0,1.01325,0.0032287789737638125,,,,,,,,,,,,,,,,,,,,,,,,0.49657970736832735,0.10971063048826057,0.028492931190279847,-0.0034843951294522,-0.0011310364867983536,-0.027270648877742994,-0.007082054257251749,-0.008981144342379429,-0.002915787374472309
S2,"S2 equilibrium-loop inlet (X4, H2/CO2 1.64)",975.0,10.0,1.01325,-0.012843074936203298,,,,,,,,,,,,,,,,,,,,,,,,0.5503849872507602,0.0023306166959419228,0.0006041781141913338,0.00043140509001782235,0.0001400013535296507,-0.00048160880741950074,-0.00012489871851766206,-0.00017175851483135218,-5.572355990727911e-05
S2,"S2 equilibrium-loop inlet (X4, H2/CO2 1.64)",1000.0,1.0,1.01325,0.02445779461133824,,,,,,,,,,,,,,,,,,,,,,,,0.37458873899965683,0.17382403384017253,0.08803037455546725,-0.014320468584314017,-0.00906579841917221,-0.042442800538073415,-0.021494577734251265,-0.0054097854256993615,-0.0034250985260654743
S2,"S2 equilibrium-loop inlet (X4, H2/CO2 1.64)",1000.0,3.0,1.01325,-0.01640747622265018,,,,,,,,,,,,,,,,,,,,,,,,0.5372222627740822,0.09310260238113988,0.047147206013931076,0.002925987658719542,0.0018523345105214695,-0.011120820638152364,-0.005630674600827588,-0.0025542759210445305,-0.0016167075238020768
S2,"S2 equilibrium-loop inlet (X4, H2/CO2 1.64)",1000.0,10.0,1.01325,-0.020224869588496553,,,,,,,,,,,,,,,,,,,,,,,,0.5698775440355307,0.0002404835026198482,0.00012135195819884537,1.2777738422897755e-05,8.086490382863687e-06,-2.1405708050797195e-05,-1.0805033645675671e-05,-2.1091281954439822e-06,-1.334702943566607e-06
S2,"S2 equilibrium-loop inlet (X4, H2/CO2 1.64)",1025.0,1.0,1.01325,-0.002051575574933851,,,,,,,,,,,,,,,,,,,,,,,,0.40796852267215156,0.19633947967876986,0.1455102894419913,-0.007631727435286617,-0.007069727263009361,-0.036165561794966716,-0.026802786349065896,-0.00794575946359413,-0.007360703717751487
S2,"S2 equilibrium-loop inlet (X4, H2/CO2 1.64)",1025.0,3.0,1.01325,-0.0232369014575795,,,,,,,,,,,,,,,,,,,,,,,,0.5711827991208647,0.05911004035497047,0.043800654662612404,0.0011209282413354726,0.0010383668993835249,-0.0027637649760895756,-0.0020476993296525935,-0.00021119948759628152,-0.00019564067242402308
S2,"S2 equilibrium-loop inlet (X4, H2/CO2 1.64)",1025.0,10.0,1.01325,-0.023940428220541866,,,,,,,,,,,,,,,,,,,,,,,,0.5867225743993785,2.198062688529845e-05,1.622710595894361e-05,2.96746593964059e-07,2.7483761932955986e-07,-8.973408862321397e-07,-6.625395803164236e-07,-2.5364015488610336e-08,-2.3493431505761112e-08
S2,"S2 equilibrium-loop inlet (X4, H2/CO2 1.64)",1050.0,1.0,1.01325,-0.018556878614686727,,,,,,,,,,,,,,,,,,,,,,,,0.45325409732741495,0.212656991952484,0.20512853273421672,-2.3844336141665146e-05,-2.898951426411056e-05,-0.018350436988455194,-0.01770051894616426,-0.002372621419499156,-0.0028609813715546953
S2,"S2 equilibrium-loop inlet (X4, H2/CO2 1.64)",1050.0,3.0,1.01325,-0.025663420738627752,,,,,,,,,,,,,,,,,,,,,,,,0.5950396028169795,0.03215100195952947,0.031011303307648674,0.00022061883382662462,0.00026602067024483755,-0.0006855971341756216,-0.0006612851826429296,-1.8345913105864697e-05,-2.2121564017749118e-05
S2,"S2 equilibrium-loop inlet (X4, H2/CO2 1.64)",1050.0,10.0,1.01325,-0.025808378897294936,,,,,,,,,,,,,,,,,,,,,,,,0.6019385585055459,1.891097992090529e-06,1.8224259962229539e-06,7.100772747570261e-09,8.61033189192284e-09,-3.8165681379154215e-08,-3.678016493799396e-08,-3.5734713799140394e-10,-4.31869384004413e-10
S2,"S2 kinetic-loop inlet (X4, H2/CO2 0.87)",850.0,1.0,1.01325,0.00029958329450576837,,,,,,,,,,,,,,,,,,,,,,,,0.03541005464348945,0.02749798792947289,-0.03276512226875472,0.00017203344409300048,-0.00025625409232621355,-2.7345634815674816e-05,3.258384077621285e-05,0.00029888124786439126,-0.0004452016026752479
S2,"S2 kinetic-loop inlet (X4, H2/CO2 0.87)",850.0,3.0,1.01325,0.0007783616456293182,,,,,,,,,,,,,,,,,,,,,,,,0.07094524452111628,0.03154817496179574,-0.03758997807352671,-5.870405767050002e-06,8.745122456743637e-06,-0.0001227522987447884,0.00014626314246140183,0.0007740456179033354,-0.0011529857419896128
S2,"S2 kinetic-loop inlet (X4, H2/CO2 0.87)",850.0,10.0,1.01325,0.002143895480752255,,,,,,,,,,,,,,,,,,,,,,,,0.09098559292417396,0.0030795477775569235,-0.0036706098056976666,-0.0014311288817653312,0.0021317468671816497,-0.0002483513526923089,0.00029592490590675015,0.0021185516970508023,-0.0031556959005108695
S2,"S2 kinetic-loop inlet (X4, H2/CO2 0.87)",875.0,1.0,1.01325,0.00044619416001488173,,,,,,,,,,,,,,,,,,,,,,,,0.04558995117028397,0.03359067676073635,-0.029161301267782713,0.00022196593514600682,-0.0002408722354213522,-5.241374961019983e-05,4.550204457911324e-05,0.0004446122574558445,-0.00048248285128485983
S2,"S2 kinetic-loop inlet (X4, H2/CO2 0.87)",875.0,3.0,1.01325,0.001117963203109587,,,,,,,,,,,,,,,,,,,,,,,,0.08561368288243076,0.0317139079864831,-0.027532390671350382,-0.00015452420523143218,0.0001676861968918919,-0.00021155781106313226,0.0001836621431174491,0.0011088245298192592,-0.0012032701259084855
S2,"S2 kinetic-loop inlet (X4, H2/CO2 0.87)",875.0,10.0,1.01325,0.0029963785962765395,,,,,,,,,,,,,,,,,,,,,,,,0.10196994746758403,0.001310653844771581,-0.0011373790835406128,-0.002206922750913609,0.0023948995822892227,-0.00036257411742639375,0.00031475964619916705,0.0029438121735957698,-0.0031945531958888847
S2,"S2 kinetic-loop inlet (X4, H2/CO2 0.87)",900.0,1.0,1.01325,0.000642941859872447,,,,,,,,,,,,,,,,,,,,,,,,0.05736242742721687,0.039748570798112115,-0.02236622082623374,0.000264591000120884,-0.00018609333718722088,-9.746259780674712e-05,5.4840462457780305e-05,0.000639526488111671,-0.000449794438632837
S2,"S2 kinetic-loop inlet (X4, H2/CO2 0.87)",900.0,3.0,1.01325,0.0015330725901196239,,,,,,,,,,,,,,,,,,,,,,,,0.10061842648325325,0.030007609965723714,-0.016885359258206334,-0.0004160056034208104,0.0002925864393793498,-0.00035886091139901563,0.00020193011090203355,0.0015139821077358399,-0.001064821732609623
S2,"S2 kinetic-loop inlet (X4, H2/CO2 0.87)",900.0,10.0,1.01325,0.003927783783310593,,,,,,,,,,,,,,,,,,,,,,,,0.11277367306461661,0.0003821655850111405,-0.0002144859664848786,-0.00311307399318006,0.002189507130348489,-0.0005323319809857636,0.0002995219588332971,0.003817044952882998,-0.0026846321243320648
S2,"S2 kinetic-loop inlet (X4, H2/CO2 0.87)",925.0,1.0,1.01325,0.0008917283310458458,,,,,,,,,,,,,,,,,,,,,,,,0.07061154119877944,0.04556171242134366,-0.012472429092288961,0.0002803687210117811,-9.592826849535996e-05,-0.000181509514774226,4.968621096117568e-05,0.000884434693633918,-0.0003026090779621309
S2,"S2 kinetic-loop inlet (X4, H2/CO2 0.87)",925.0,3.0,1.01325,0.0019519418355128208,,,,,,,,,,,,,,,,,,,,,,,,0.11548478454142252,0.026744694441599437,-0.007321150402081478,-0.0008095981221228898,0.00027700342498104824,-0.0006264878883952398,0.0001715001879054644,0.0019107456900857025,-0.0006537640514641362
S2,"S2 kinetic-loop inlet (X4, H2/CO2 0.87)",925.0,10.0,1.01325,0.00450920688346476,,,,,,,,,,,,,,,,,,,,,,,,0.12374972375049242,0.00029074443247678605,-7.938305287280567e-05,-0.003772559480658133,0.0012907951666640827,-0.0008167452970474611,0.0002235598564848248,0.004271207161946891,-0.0014614146822004457
S2,"S2 kinetic-loop inlet (X4, H2/CO2 0.87)",950.0,1.0,1.01325,0.0011692623510697379,,,,,,,,,,,,,,,,,,,,,,,,0.08511893523671188,0.05058240688144422,0.0,0.00023222706942160887,0.0,-0.00035498893389173856,0.0,0.0011531325202798943,0.0
S2,"S2 kinetic-loop inlet (X4, H2/CO2 0.87)",950.0,3.0,1.01325,0.002098403882380315,,,,,,,,,,,,,,,,,,,,,,,,0.1298941865260248,0.022726831191771657,0.0,-0.001274239599527438,0.0,-0.0011710789920048596,0.0,0.0020073376942928703,0.0
S2,"S2 kinetic-loop inlet (X4, H2/CO2 0.87)",950.0,10.0,1.01325,0.003428109051873342,,,,,,,,,,,,,,,,,,,,,,,,0.1360622717915978,0.001205025985054342,0.0,-0.002982847361499008,0.0,-0.0013372905758836742,0.0,0.0030024801971727873,0.0
S2,"S2 kinetic-loop inlet (X4, H2/CO2 0.87)",975.0,1.0,1.01325,0.0013686817806817704,,,,,,,,,,,,,,,,,,,,,,,,0.10055537086676114,0.0543981472462568,0.01412800837700401,4.779480225758359e-05,1.5515997037196527e-05,-0.0007600338939200242,-0.0001973830637432266,0.001330936599921789,0.0004320294884971083
S2,"S2 kinetic-loop inlet (X4, H2/CO2 0.87)",975.0,3.0,1.01325,0.0011450956665092957,,,,,,,,,,,,,,,,,,,,,,,,0.14394563269429828,0.019427546361844295,0.0050447875398346165,-0.0014338374992040048,-0.0004654355218264294,-0.002327676077781729,-0.0006045187584021979,0.0009913658690979105,0.0003218149938825118
S2,"S2 kinetic-loop inlet (X4, H2/CO2 0.87)",975.0,10.0,1.01325,-0.0022301785357408156,,,,,,,,,,,,,,,,,,,,,,,,0.15259364462410563,0.0034627734053549464,0.0008991789339413135,0.001553046259375468,0.0005041310598197235,-0.0022472371709278535,-0.0005835644371493705,-0.002048914647573264,-0.000665105364723573
S2,"S2 kinetic-loop inlet (X4, H2/CO2 0.87)",1000.0,1.0,1.01325,0.0011382524629382819,,,,,,,,,,,,,,,,,,,,,,,,0.11647324349825072,0.05679132055070313,0.028761336755328545,-0.00040014789366715764,-0.00025328547106628907,-0.0017689142185593092,-0.0008958188523183329,0.0010556907064379064,0.0006682503068425447
S2,"S2 kinetic-loop inlet (X4, H2/CO2 0.87)",1000.0,3.0,1.01325,-0.0028198299682171126,,,,,,,,,,,,,,,,,,,,,,,,0.1587633023462317,0.01916378479238645,0.009703775265562653,-7.261172876860122e-05,-4.597796105232366e-05,-0.004549313451281263,-0.0023038721567031025,-0.002587328929290955,-0.0016377781310922355
S2,"S2 kinetic-loop inlet (X4, H2/CO2 0.87)",1000.0,10.0,1.01325,-0.015332757216279984,,,,,,,,,,,,,,,,,,,,,,,,0.17699849158682934,0.006199927813291262,0.003139440853655584,0.00931712047547717,0.005897999111942331,-0.0031610290046553673,-0.0016006816553001263,-0.009091830364082489,-0.0057554245137612925
S2,"S2 kinetic-loop inlet (X4, H2/CO2 0.87)",1025.0,1.0,1.01325,-0.00046402154493242715,,,,,,,,,,,,,,,,,,,,,,,,0.13235898289112324,0.05816762993044455,0.04310876100122041,-0.001207615770160153,-0.0011186782275962592,-0.004155649774594063,-0.003079772276856315,-0.0005294098797179252,-0.0004904169785350593
S2,"S2 kinetic-loop inlet (X4, H2/CO2 0.87)",1025.0,3.0,1.01325,-0.012384639437237272,,,,,,,,,,,,,,,,,,,,,,,,0.1772284383406869,0.023832669908582793,0.01766140541810679,0.004683936143626277,0.0043390015072114485,-0.007581529782176195,-0.005618596133094133,-0.00877044452319395,-0.008124610299064085
S2,"S2 kinetic-loop inlet (X4, H2/CO2 0.87)",1025.0,10.0,1.01325,-0.030572298803326122,,,,,,,,,,,,,,,,,,,,,,,,0.20552072407106903,0.0048224214186015635,0.0035734535782483423,0.009016781012224917,0.008352840040898313,-0.0019887983788166065,-0.0014737698877954552,-0.006939228845990932,-0.006428239242665338
S2,"S2 kinetic-loop inlet (X4, H2/CO2 0.87)",1050.0,1.0,1.01325,-0.005286878016672815,,,,,,,,,,,,,,,,,,,,,,,,0.14803331786228358,0.0604805012889037,0.058339168465698636,-0.001860273904316645,-0.0022429972148046984,-0.008739277020055692,-0.00842986033827908,-0.004469615992699796,-0.00538921704452825
S2,"S2 kinetic-loop inlet (X4, H2/CO2 0.87)",1050.0,3.0,1.01325,-0.026722757359576698,,,,,,,,,,,,,,,,,,,,,,,,0.2022114931369361,0.02966210280707371,0.02861164881366174,0.011069557717394152,0.01334674910398459,-0.008343420645900643,-0.00804795844342272,-0.011390044750839243,-0.01373302932086177
S2,"S2 kinetic-loop inlet (X4, H2/CO2 0.87)",1050.0,10.0,1.01325,-0.037075022094042294,,,,,,,,,,,,,,,,,,,,,,,,0.22529054014345562,0.0005505337492078821,0.0005310062089008971,0.000987567788482413,0.0011911649544477099,-0.00014060895536620321,-0.0001356249848562946,-0.0004582390033286421,-0.000552815914636913
