case_id,value_type,stream,species,kmol_d,t_d
kin_tau1-3s_phi-0_T3-650,kinetic,stage1_out,H2,3490.366989121612,7.03657985006917
kin_tau1-3s_phi-0_T3-650,kinetic,stage1_out,CH4,1246.7756153313662,20.002021196761106
kin_tau1-3s_phi-0_T3-650,kinetic,stage1_out,C(s),1745.183494560806,20.961398953169837
kin_tau1-3s_phi-0_T3-650,kinetic,stage2_feed,H2,4740.366989121612,9.556579850069172
kin_tau1-3s_phi-0_T3-650,kinetic,stage2_feed,CH4,1246.7756153313662,20.002021196761106
kin_tau1-3s_phi-0_T3-650,kinetic,stage2_feed,CO2,954.3502465404804,42.0
kin_tau1-3s_phi-0_T3-650,kinetic,stage2_out,H2,4135.174833251501,8.336512463835026
kin_tau1-3s_phi-0_T3-650,kinetic,stage2_out,CH4,1246.7756153313662,20.002021196761106
kin_tau1-3s_phi-0_T3-650,kinetic,stage2_out,CO,605.1921558701123,16.951432285921843
kin_tau1-3s_phi-0_T3-650,kinetic,stage2_out,H2O,605.1921558701123,10.902536688000072
kin_tau1-3s_phi-0_T3-650,kinetic,stage2_out,CO2,349.15809067036815,15.366098412312233
kin_tau1-3s_phi-0_T3-650,kinetic,recovered_water,H2O,574.9325480766066,10.35740985360007
kin_tau1-3s_phi-0_T3-650,kinetic,membrane_permeate,H2,2687.8636416134755,5.418733101492767
kin_tau1-3s_phi-0_T3-650,kinetic,cfr_feed,H2,1447.311191638025,2.9177793623422583
kin_tau1-3s_phi-0_T3-650,kinetic,cfr_feed,CH4,1246.7756153313662,20.002021196761106
kin_tau1-3s_phi-0_T3-650,kinetic,cfr_feed,CO,605.1921558701123,16.951432285921843
kin_tau1-3s_phi-0_T3-650,kinetic,cfr_feed,CO2,349.15809067036815,15.366098412312233
kin_tau1-3s_phi-0_T3-650,kinetic,cfr_feed,H2O,30.259607793505666,0.5451268344000045
kin_tau1-3s_phi-0_T3-650,kinetic,stage3_out,H2,1441.2311007769802,2.905521899166392
kin_tau1-3s_phi-0_T3-650,kinetic,stage3_out,CH4,1248.737806073883,20.033500622843302
kin_tau1-3s_phi-0_T3-650,kinetic,stage3_out,CO,603.4234837610987,16.90189178014837
kin_tau1-3s_phi-0_T3-650,kinetic,stage3_out,CO2,348.9645720368678,15.357581850770515
kin_tau1-3s_phi-0_T3-650,kinetic,stage3_out,H2O,32.415317169520925,0.5839619388089196
kin_tau1-3s_phi-0_T3-800,kinetic,stage1_out,H2,3490.366989121612,7.03657985006917
kin_tau1-3s_phi-0_T3-800,kinetic,stage1_out,CH4,1246.7756153313662,20.002021196761106
kin_tau1-3s_phi-0_T3-800,kinetic,stage1_out,C(s),1745.183494560806,20.961398953169837
kin_tau1-3s_phi-0_T3-800,kinetic,stage2_feed,H2,4740.366989121612,9.556579850069172
kin_tau1-3s_phi-0_T3-800,kinetic,stage2_feed,CH4,1246.7756153313662,20.002021196761106
kin_tau1-3s_phi-0_T3-800,kinetic,stage2_feed,CO2,954.3502465404804,42.0
kin_tau1-3s_phi-0_T3-800,kinetic,stage2_out,H2,4135.174833251501,8.336512463835026
kin_tau1-3s_phi-0_T3-800,kinetic,stage2_out,CH4,1246.7756153313662,20.002021196761106
kin_tau1-3s_phi-0_T3-800,kinetic,stage2_out,CO,605.1921558701123,16.951432285921843
kin_tau1-3s_phi-0_T3-800,kinetic,stage2_out,H2O,605.1921558701123,10.902536688000072
kin_tau1-3s_phi-0_T3-800,kinetic,stage2_out,CO2,349.15809067036815,15.366098412312233
kin_tau1-3s_phi-0_T3-800,kinetic,recovered_water,H2O,574.9325480766066,10.35740985360007
kin_tau1-3s_phi-0_T3-800,kinetic,membrane_permeate,H2,2687.8636416134755,5.418733101492767
kin_tau1-3s_phi-0_T3-800,kinetic,cfr_feed,H2,1447.311191638025,2.9177793623422583
kin_tau1-3s_phi-0_T3-800,kinetic,cfr_feed,CH4,1246.7756153313662,20.002021196761106
kin_tau1-3s_phi-0_T3-800,kinetic,cfr_feed,CO,605.1921558701123,16.951432285921843
kin_tau1-3s_phi-0_T3-800,kinetic,cfr_feed,CO2,349.15809067036815,15.366098412312233
kin_tau1-3s_phi-0_T3-800,kinetic,cfr_feed,H2O,30.259607793505666,0.5451268344000045
kin_tau1-3s_phi-0_T3-800,kinetic,stage3_out,H2,1554.8574151396306,3.134592548921495
kin_tau1-3s_phi-0_T3-800,kinetic,stage3_out,CH4,1101.5399778256783,17.672005864257358
kin_tau1-3s_phi-0_T3-800,kinetic,stage3_out,CO,453.3514198062675,12.698373268773551
kin_tau1-3s_phi-0_T3-800,kinetic,stage3_out,CO2,333.6159329474091,14.682103593082525
kin_tau1-3s_phi-0_T3-800,kinetic,stage3_out,H2O,213.1846593032707,3.840521637348422
kin_tau1-3s_phi-0_T3-800,kinetic,stage3_out,C(s),312.618531292493,3.7548611793541333
kin_tau1-3s_phi-0.1_T3-650,kinetic,stage1_out,H2,3490.366989121612,7.03657985006917
kin_tau1-3s_phi-0.1_T3-650,kinetic,stage1_out,CH4,1246.7756153313662,20.002021196761106
kin_tau1-3s_phi-0.1_T3-650,kinetic,stage1_out,C(s),1745.183494560806,20.961398953169837
kin_tau1-3s_phi-0.1_T3-650,kinetic,stage2_feed,H2,4740.366989121612,9.556579850069172
kin_tau1-3s_phi-0.1_T3-650,kinetic,stage2_feed,CH4,1246.7756153313662,20.002021196761106
kin_tau1-3s_phi-0.1_T3-650,kinetic,stage2_feed,CO2,954.3502465404804,42.0
kin_tau1-3s_phi-0.1_T3-650,kinetic,stage2_out,H2,4108.060695319778,8.281850361764672
kin_tau1-3s_phi-0.1_T3-650,kinetic,stage2_out,CH4,1256.226395716954,20.15364006648709
kin_tau1-3s_phi-0.1_T3-650,kinetic,stage2_out,H2O,613.4047330306594,11.05048626554733
kin_tau1-3s_phi-0.1_T3-650,kinetic,stage2_out,CO,594.5031722594839,16.65203385498814
kin_tau1-3s_phi-0.1_T3-650,kinetic,stage2_out,CO2,350.3962938954085,15.420590498043033
kin_tau1-3s_phi-0.1_T3-650,kinetic,recovered_water,H2O,582.7344963791264,10.497961952269963
kin_tau1-3s_phi-0.1_T3-650,kinetic,membrane_permeate,H2,2670.2394519578556,5.383202735147037
kin_tau1-3s_phi-0.1_T3-650,kinetic,cfr_feed,H2,1437.8212433619221,2.898647626617635
kin_tau1-3s_phi-0.1_T3-650,kinetic,cfr_feed,CH4,1256.226395716954,20.15364006648709
kin_tau1-3s_phi-0.1_T3-650,kinetic,cfr_feed,CO,594.5031722594839,16.65203385498814
kin_tau1-3s_phi-0.1_T3-650,kinetic,cfr_feed,CO2,350.3962938954085,15.420590498043033
kin_tau1-3s_phi-0.1_T3-650,kinetic,cfr_feed,H2O,30.670236651532946,0.552524313277366
kin_tau1-3s_phi-0.1_T3-650,kinetic,stage3_out,H2,1431.8752548896673,2.8866605138575694
kin_tau1-3s_phi-0.1_T3-650,kinetic,stage3_out,CH4,1258.1448055865685,20.18441711602532
kin_tau1-3s_phi-0.1_T3-650,kinetic,stage3_out,CO,592.7755212532776,16.603642350304305
kin_tau1-3s_phi-0.1_T3-650,kinetic,stage3_out,CO2,350.2055350319961,15.412195391223115
kin_tau1-3s_phi-0.1_T3-650,kinetic,stage3_out,H2O,32.77940538455891,0.5905209880028288
kin_tau1-3s_phi-0.1_T3-800,kinetic,stage1_out,H2,3490.366989121612,7.03657985006917
kin_tau1-3s_phi-0.1_T3-800,kinetic,stage1_out,CH4,1246.7756153313662,20.002021196761106
kin_tau1-3s_phi-0.1_T3-800,kinetic,stage1_out,C(s),1745.183494560806,20.961398953169837
kin_tau1-3s_phi-0.1_T3-800,kinetic,stage2_feed,H2,4740.366989121612,9.556579850069172
kin_tau1-3s_phi-0.1_T3-800,kinetic,stage2_feed,CH4,1246.7756153313662,20.002021196761106
kin_tau1-3s_phi-0.1_T3-800,kinetic,stage2_feed,CO2,954.3502465404804,42.0
kin_tau1-3s_phi-0.1_T3-800,kinetic,stage2_out,H2,4108.060695319778,8.281850361764672
kin_tau1-3s_phi-0.1_T3-800,kinetic,stage2_out,CH4,1256.226395716954,20.15364006648709
kin_tau1-3s_phi-0.1_T3-800,kinetic,stage2_out,H2O,613.4047330306594,11.05048626554733
kin_tau1-3s_phi-0.1_T3-800,kinetic,stage2_out,CO,594.5031722594839,16.65203385498814
kin_tau1-3s_phi-0.1_T3-800,kinetic,stage2_out,CO2,350.3962938954085,15.420590498043033
kin_tau1-3s_phi-0.1_T3-800,kinetic,recovered_water,H2O,582.7344963791264,10.497961952269963
kin_tau1-3s_phi-0.1_T3-800,kinetic,membrane_permeate,H2,2670.2394519578556,5.383202735147037
kin_tau1-3s_phi-0.1_T3-800,kinetic,cfr_feed,H2,1437.8212433619221,2.898647626617635
kin_tau1-3s_phi-0.1_T3-800,kinetic,cfr_feed,CH4,1256.226395716954,20.15364006648709
kin_tau1-3s_phi-0.1_T3-800,kinetic,cfr_feed,CO,594.5031722594839,16.65203385498814
kin_tau1-3s_phi-0.1_T3-800,kinetic,cfr_feed,CO2,350.3962938954085,15.420590498043033
kin_tau1-3s_phi-0.1_T3-800,kinetic,cfr_feed,H2O,30.670236651532946,0.552524313277366
kin_tau1-3s_phi-0.1_T3-800,kinetic,stage3_out,H2,1556.4009375029814,3.1377042900060106
kin_tau1-3s_phi-0.1_T3-800,kinetic,stage3_out,CH4,1106.901677974558,17.75802361974583
kin_tau1-3s_phi-0.1_T3-800,kinetic,stage3_out,CO,445.5690324049347,12.48038859766222
kin_tau1-3s_phi-0.1_T3-800,kinetic,stage3_out,CO2,334.8284931508152,14.735467155074225
kin_tau1-3s_phi-0.1_T3-800,kinetic,stage3_out,H2O,210.73997799526933,3.796480703584777
kin_tau1-3s_phi-0.1_T3-800,kinetic,stage3_out,C(s),313.8266583415388,3.769371993340222
kin_tau1-3s_phi-1_T3-650,kinetic,stage1_out,H2,3490.366989121612,7.03657985006917
kin_tau1-3s_phi-1_T3-650,kinetic,stage1_out,CH4,1246.7756153313662,20.002021196761106
kin_tau1-3s_phi-1_T3-650,kinetic,stage1_out,C(s),1745.183494560806,20.961398953169837
kin_tau1-3s_phi-1_T3-650,kinetic,stage2_feed,H2,4740.366989121612,9.556579850069172
kin_tau1-3s_phi-1_T3-650,kinetic,stage2_feed,CH4,1246.7756153313662,20.002021196761106
kin_tau1-3s_phi-1_T3-650,kinetic,stage2_feed,CO2,954.3502465404804,42.0
kin_tau1-3s_phi-1_T3-650,kinetic,stage2_out,H2,4146.957627750355,8.360266577544715
kin_tau1-3s_phi-1_T3-650,kinetic,stage2_out,CH4,1254.5490248279073,20.126730005314116
kin_tau1-3s_phi-1_T3-650,kinetic,stage2_out,H2O,577.8625423781772,10.410193700942862
kin_tau1-3s_phi-1_T3-650,kinetic,stage2_out,CO,562.315723385094,15.750463412016481
kin_tau1-3s_phi-1_T3-650,kinetic,stage2_out,CO2,384.26111365884555,16.910947351012137
kin_tau1-3s_phi-1_T3-650,kinetic,recovered_water,H2O,548.9694152592683,9.889684015895718
kin_tau1-3s_phi-1_T3-650,kinetic,membrane_permeate,H2,2695.5224580377308,5.434173275404065
kin_tau1-3s_phi-1_T3-650,kinetic,cfr_feed,H2,1451.435169712624,2.92609330214065
kin_tau1-3s_phi-1_T3-650,kinetic,cfr_feed,CH4,1254.5490248279073,20.126730005314116
kin_tau1-3s_phi-1_T3-650,kinetic,cfr_feed,CO,562.315723385094,15.750463412016481
kin_tau1-3s_phi-1_T3-650,kinetic,cfr_feed,CO2,384.26111365884555,16.910947351012137
kin_tau1-3s_phi-1_T3-650,kinetic,cfr_feed,H2O,28.893127118908865,0.5205096850471432
kin_tau1-3s_phi-1_T3-650,kinetic,stage3_out,H2,1445.7039091088448,2.914539080763431
kin_tau1-3s_phi-1_T3-650,kinetic,stage3_out,CH4,1256.3886823489847,20.15624363092476
kin_tau1-3s_phi-1_T3-650,kinetic,stage3_out,CO,560.6883539045656,15.70488079286688
kin_tau1-3s_phi-1_T3-650,kinetic,stage3_out,CO2,384.0488256182952,16.901604766635554
kin_tau1-3s_phi-1_T3-650,kinetic,stage3_out,H2O,30.945072680536143,0.5574754843398587
kin_tau1-3s_phi-1_T3-800,kinetic,stage1_out,H2,3490.366989121612,7.03657985006917
kin_tau1-3s_phi-1_T3-800,kinetic,stage1_out,CH4,1246.7756153313662,20.002021196761106
kin_tau1-3s_phi-1_T3-800,kinetic,stage1_out,C(s),1745.183494560806,20.961398953169837
kin_tau1-3s_phi-1_T3-800,kinetic,stage2_feed,H2,4740.366989121612,9.556579850069172
kin_tau1-3s_phi-1_T3-800,kinetic,stage2_feed,CH4,1246.7756153313662,20.002021196761106
kin_tau1-3s_phi-1_T3-800,kinetic,stage2_feed,CO2,954.3502465404804,42.0
kin_tau1-3s_phi-1_T3-800,kinetic,stage2_out,H2,4146.957627750355,8.360266577544715
kin_tau1-3s_phi-1_T3-800,kinetic,stage2_out,CH4,1254.5490248279073,20.126730005314116
kin_tau1-3s_phi-1_T3-800,kinetic,stage2_out,H2O,577.8625423781772,10.410193700942862
kin_tau1-3s_phi-1_T3-800,kinetic,stage2_out,CO,562.315723385094,15.750463412016481
kin_tau1-3s_phi-1_T3-800,kinetic,stage2_out,CO2,384.26111365884555,16.910947351012137
kin_tau1-3s_phi-1_T3-800,kinetic,recovered_water,H2O,548.9694152592683,9.889684015895718
kin_tau1-3s_phi-1_T3-800,kinetic,membrane_permeate,H2,2695.5224580377308,5.434173275404065
kin_tau1-3s_phi-1_T3-800,kinetic,cfr_feed,H2,1451.435169712624,2.92609330214065
kin_tau1-3s_phi-1_T3-800,kinetic,cfr_feed,CH4,1254.5490248279073,20.126730005314116
kin_tau1-3s_phi-1_T3-800,kinetic,cfr_feed,CO,562.315723385094,15.750463412016481
kin_tau1-3s_phi-1_T3-800,kinetic,cfr_feed,CO2,384.26111365884555,16.910947351012137
kin_tau1-3s_phi-1_T3-800,kinetic,cfr_feed,H2O,28.893127118908865,0.5205096850471432
kin_tau1-3s_phi-1_T3-800,kinetic,stage3_out,H2,1563.904704534167,3.1528318843408805
kin_tau1-3s_phi-1_T3-800,kinetic,stage3_out,CH4,1110.3862133321222,17.813926020487237
kin_tau1-3s_phi-1_T3-800,kinetic,stage3_out,CO,421.12786935051344,11.79579162050788
kin_tau1-3s_phi-1_T3-800,kinetic,stage3_out,CO2,366.9269965911264,16.14809019297888
kin_tau1-3s_phi-1_T3-800,kinetic,stage3_out,H2O,204.74921528893123,3.6885571134300963
kin_tau1-3s_phi-1_T3-800,kinetic,stage3_out,C(s),302.6847825980832,3.6355469237855766
kin_tau1-taustar_phi-0_T3-650,kinetic,stage1_out,H2,5223.234755447472,10.530041266982103
kin_tau1-taustar_phi-0_T3-650,kinetic,stage1_out,CH4,380.3417321684257,6.1018224091780535
kin_tau1-taustar_phi-0_T3-650,kinetic,stage1_out,C(s),2611.617377723736,31.36813632383979
kin_tau1-taustar_phi-0_T3-650,kinetic,stage2_feed,H2,6473.234755447472,13.050041266982104
kin_tau1-taustar_phi-0_T3-650,kinetic,stage2_feed,CO2,954.3502465404804,42.0
kin_tau1-taustar_phi-0_T3-650,kinetic,stage2_feed,CH4,380.3417321684257,6.1018224091780535
kin_tau1-taustar_phi-0_T3-650,kinetic,stage2_out,H2,5801.8462858404,11.696522112254247
kin_tau1-taustar_phi-0_T3-650,kinetic,stage2_out,CO,671.3884696070735,18.805591033694128
kin_tau1-taustar_phi-0_T3-650,kinetic,stage2_out,H2O,671.3884696070735,12.095063279971429
kin_tau1-taustar_phi-0_T3-650,kinetic,stage2_out,CH4,380.3417321684257,6.1018224091780535
kin_tau1-taustar_phi-0_T3-650,kinetic,stage2_out,CO2,282.96177693340707,12.452864841062311
kin_tau1-taustar_phi-0_T3-650,kinetic,recovered_water,H2O,637.8190461267197,11.490310115972855
kin_tau1-taustar_phi-0_T3-650,kinetic,membrane_permeate,H2,3771.2000857962603,7.60273937296526
kin_tau1-taustar_phi-0_T3-650,kinetic,cfr_feed,H2,2030.64620004414,4.0937827392889865
kin_tau1-taustar_phi-0_T3-650,kinetic,cfr_feed,CO,671.3884696070735,18.805591033694128
kin_tau1-taustar_phi-0_T3-650,kinetic,cfr_feed,CH4,380.3417321684257,6.1018224091780535
kin_tau1-taustar_phi-0_T3-650,kinetic,cfr_feed,CO2,282.96177693340707,12.452864841062311
kin_tau1-taustar_phi-0_T3-650,kinetic,cfr_feed,H2O,33.56942348035375,0.6047531639985727
kin_tau1-taustar_phi-0_T3-650,kinetic,stage3_out,H2,2018.8937210017396,4.070089741539507
kin_tau1-taustar_phi-0_T3-650,kinetic,stage3_out,CO,668.5346444638075,18.725655391431246
kin_tau1-taustar_phi-0_T3-650,kinetic,stage3_out,CH4,383.9933082148417,6.160404643690706
kin_tau1-taustar_phi-0_T3-650,kinetic,stage3_out,CO2,282.1640260302562,12.417756621565545
kin_tau1-taustar_phi-0_T3-650,kinetic,stage3_out,H2O,38.01875042992062,0.68490778899502
kin_tau1-taustar_phi-0_T3-800,kinetic,stage1_out,H2,5223.234755447472,10.530041266982103
kin_tau1-taustar_phi-0_T3-800,kinetic,stage1_out,CH4,380.3417321684257,6.1018224091780535
kin_tau1-taustar_phi-0_T3-800,kinetic,stage1_out,C(s),2611.617377723736,31.36813632383979
kin_tau1-taustar_phi-0_T3-800,kinetic,stage2_feed,H2,6473.234755447472,13.050041266982104
kin_tau1-taustar_phi-0_T3-800,kinetic,stage2_feed,CO2,954.3502465404804,42.0
kin_tau1-taustar_phi-0_T3-800,kinetic,stage2_feed,CH4,380.3417321684257,6.1018224091780535
kin_tau1-taustar_phi-0_T3-800,kinetic,stage2_out,H2,5801.8462858404,11.696522112254247
kin_tau1-taustar_phi-0_T3-800,kinetic,stage2_out,CO,671.3884696070735,18.805591033694128
kin_tau1-taustar_phi-0_T3-800,kinetic,stage2_out,H2O,671.3884696070735,12.095063279971429
kin_tau1-taustar_phi-0_T3-800,kinetic,stage2_out,CH4,380.3417321684257,6.1018224091780535
kin_tau1-taustar_phi-0_T3-800,kinetic,stage2_out,CO2,282.96177693340707,12.452864841062311
kin_tau1-taustar_phi-0_T3-800,kinetic,recovered_water,H2O,637.8190461267197,11.490310115972855
kin_tau1-taustar_phi-0_T3-800,kinetic,membrane_permeate,H2,3771.2000857962603,7.60273937296526
kin_tau1-taustar_phi-0_T3-800,kinetic,cfr_feed,H2,2030.64620004414,4.0937827392889865
kin_tau1-taustar_phi-0_T3-800,kinetic,cfr_feed,CO,671.3884696070735,18.805591033694128
kin_tau1-taustar_phi-0_T3-800,kinetic,cfr_feed,CH4,380.3417321684257,6.1018224091780535
kin_tau1-taustar_phi-0_T3-800,kinetic,cfr_feed,CO2,282.96177693340707,12.452864841062311
kin_tau1-taustar_phi-0_T3-800,kinetic,cfr_feed,H2O,33.56942348035375,0.6047531639985727
kin_tau1-taustar_phi-0_T3-800,kinetic,stage3_out,H2,1338.206905090363,2.697825120662172
kin_tau1-taustar_phi-0_T3-800,kinetic,stage3_out,CH4,600.2670649213331,9.630084522532947
kin_tau1-taustar_phi-0_T3-800,kinetic,stage3_out,CO,477.80893412767614,13.383428244916207
kin_tau1-taustar_phi-0_T3-800,kinetic,stage3_out,H2O,286.15805292831016,5.155137323503508
kin_tau1-taustar_phi-0_T3-800,kinetic,stage3_out,CO2,253.45722994912808,11.154399232831178
kin_tau1-taustar_phi-0_T3-800,kinetic,stage3_out,C(s),3.1587497107678746,0.03793974277603294
kin_tau1-taustar_phi-0.1_T3-650,kinetic,stage1_out,H2,5223.234755447472,10.530041266982103
kin_tau1-taustar_phi-0.1_T3-650,kinetic,stage1_out,CH4,380.3417321684257,6.1018224091780535
kin_tau1-taustar_phi-0.1_T3-650,kinetic,stage1_out,C(s),2611.617377723736,31.36813632383979
kin_tau1-taustar_phi-0.1_T3-650,kinetic,stage2_feed,H2,6473.234755447472,13.050041266982104
kin_tau1-taustar_phi-0.1_T3-650,kinetic,stage2_feed,CO2,954.3502465404804,42.0
kin_tau1-taustar_phi-0.1_T3-650,kinetic,stage2_feed,CH4,380.3417321684257,6.1018224091780535
kin_tau1-taustar_phi-0.1_T3-650,kinetic,stage2_out,H2,5650.778880249445,11.391970222582882
kin_tau1-taustar_phi-0.1_T3-650,kinetic,stage2_out,H2O,729.7598753039246,13.146624153600202
kin_tau1-taustar_phi-0.1_T3-650,kinetic,stage2_out,CO,637.0638754098171,17.84415915022898
kin_tau1-taustar_phi-0.1_T3-650,kinetic,stage2_out,CH4,426.6897321154794,6.8453833723286355
kin_tau1-taustar_phi-0.1_T3-650,kinetic,stage2_out,CO2,270.93837118360926,11.92372677741946
kin_tau1-taustar_phi-0.1_T3-650,kinetic,recovered_water,H2O,693.2718815387283,12.48929294592019
kin_tau1-taustar_phi-0.1_T3-650,kinetic,membrane_permeate,H2,3673.0062721621393,7.404780644678873
kin_tau1-taustar_phi-0.1_T3-650,kinetic,cfr_feed,H2,1977.7726080873056,3.987189577904008
kin_tau1-taustar_phi-0.1_T3-650,kinetic,cfr_feed,CO,637.0638754098171,17.84415915022898
kin_tau1-taustar_phi-0.1_T3-650,kinetic,cfr_feed,CH4,426.6897321154794,6.8453833723286355
kin_tau1-taustar_phi-0.1_T3-650,kinetic,cfr_feed,CO2,270.93837118360926,11.92372677741946
kin_tau1-taustar_phi-0.1_T3-650,kinetic,cfr_feed,H2O,36.48799376519628,0.657331207680011
kin_tau1-taustar_phi-0.1_T3-650,kinetic,stage3_out,H2,1966.8539420903778,3.9651775472542017
kin_tau1-taustar_phi-0.1_T3-650,kinetic,stage3_out,CO,634.3943386691806,17.769385426123748
kin_tau1-taustar_phi-0.1_T3-650,kinetic,stage3_out,CH4,430.0867827998728,6.89988225645836
kin_tau1-taustar_phi-0.1_T3-650,kinetic,stage3_out,CO2,270.2108572398542,11.891709616268743
kin_tau1-taustar_phi-0.1_T3-650,kinetic,stage3_out,H2O,40.61255839334534,0.7316352394561163
kin_tau1-taustar_phi-0.1_T3-800,kinetic,stage1_out,H2,5223.234755447472,10.530041266982103
kin_tau1-taustar_phi-0.1_T3-800,kinetic,stage1_out,CH4,380.3417321684257,6.1018224091780535
kin_tau1-taustar_phi-0.1_T3-800,kinetic,stage1_out,C(s),2611.617377723736,31.36813632383979
kin_tau1-taustar_phi-0.1_T3-800,kinetic,stage2_feed,H2,6473.234755447472,13.050041266982104
kin_tau1-taustar_phi-0.1_T3-800,kinetic,stage2_feed,CO2,954.3502465404804,42.0
kin_tau1-taustar_phi-0.1_T3-800,kinetic,stage2_feed,CH4,380.3417321684257,6.1018224091780535
kin_tau1-taustar_phi-0.1_T3-800,kinetic,stage2_out,H2,5650.778880249445,11.391970222582882
kin_tau1-taustar_phi-0.1_T3-800,kinetic,stage2_out,H2O,729.7598753039246,13.146624153600202
kin_tau1-taustar_phi-0.1_T3-800,kinetic,stage2_out,CO,637.0638754098171,17.84415915022898
kin_tau1-taustar_phi-0.1_T3-800,kinetic,stage2_out,CH4,426.6897321154794,6.8453833723286355
kin_tau1-taustar_phi-0.1_T3-800,kinetic,stage2_out,CO2,270.93837118360926,11.92372677741946
kin_tau1-taustar_phi-0.1_T3-800,kinetic,recovered_water,H2O,693.2718815387283,12.48929294592019
kin_tau1-taustar_phi-0.1_T3-800,kinetic,membrane_permeate,H2,3673.0062721621393,7.404780644678873
kin_tau1-taustar_phi-0.1_T3-800,kinetic,cfr_feed,H2,1977.7726080873056,3.987189577904008
kin_tau1-taustar_phi-0.1_T3-800,kinetic,cfr_feed,CO,637.0638754098171,17.84415915022898
kin_tau1-taustar_phi-0.1_T3-800,kinetic,cfr_feed,CH4,426.6897321154794,6.8453833723286355
kin_tau1-taustar_phi-0.1_T3-800,kinetic,cfr_feed,CO2,270.93837118360926,11.92372677741946
kin_tau1-taustar_phi-0.1_T3-800,kinetic,cfr_feed,H2O,36.48799376519628,0.657331207680011
kin_tau1-taustar_phi-0.1_T3-800,kinetic,stage3_out,H2,1329.6725154138999,2.680619791074422
kin_tau1-taustar_phi-0.1_T3-800,kinetic,stage3_out,CH4,631.6701537583685,10.133884276745507
kin_tau1-taustar_phi-0.1_T3-800,kinetic,stage3_out,CO,454.0005960361716,12.716556694973166
kin_tau1-taustar_phi-0.1_T3-800,kinetic,stage3_out,H2O,274.6272431528195,4.947409785398044
kin_tau1-taustar_phi-0.1_T3-800,kinetic,stage3_out,CO2,243.4003861766203,10.711807595246883
kin_tau1-taustar_phi-0.1_T3-800,kinetic,stage3_out,C(s),5.620842737744361,0.06751194212304752
kin_tau1-taustar_phi-1_T3-650,kinetic,stage1_out,H2,5223.234755447472,10.530041266982103
kin_tau1-taustar_phi-1_T3-650,kinetic,stage1_out,CH4,380.3417321684257,6.1018224091780535
kin_tau1-taustar_phi-1_T3-650,kinetic,stage1_out,C(s),2611.617377723736,31.36813632383979
kin_tau1-taustar_phi-1_T3-650,kinetic,stage2_feed,H2,6473.234755447472,13.050041266982104
kin_tau1-taustar_phi-1_T3-650,kinetic,stage2_feed,CO2,954.3502465404804,42.0
kin_tau1-taustar_phi-1_T3-650,kinetic,stage2_feed,CH4,380.3417321684257,6.1018224091780535
kin_tau1-taustar_phi-1_T3-650,kinetic,stage2_out,H2,5219.21094819901,10.521929271569205
kin_tau1-taustar_phi-1_T3-650,kinetic,stage2_out,H2O,877.752918703625,15.812718830445805
kin_tau1-taustar_phi-1_T3-650,kinetic,stage2_out,CH4,568.4771764408451,9.120079341640478
kin_tau1-taustar_phi-1_T3-650,kinetic,stage2_out,CO,501.48203015878704,14.046511664747625
kin_tau1-taustar_phi-1_T3-650,kinetic,stage2_out,CO2,264.7327721092741,11.650624567757044
kin_tau1-taustar_phi-1_T3-650,kinetic,recovered_water,H2O,833.8652727684438,15.022082888923514
kin_tau1-taustar_phi-1_T3-650,kinetic,membrane_permeate,H2,3392.4871163293565,6.839254026519982
kin_tau1-taustar_phi-1_T3-650,kinetic,cfr_feed,H2,1826.7238318696534,3.6826752450492215
kin_tau1-taustar_phi-1_T3-650,kinetic,cfr_feed,CH4,568.4771764408451,9.120079341640478
kin_tau1-taustar_phi-1_T3-650,kinetic,cfr_feed,CO,501.48203015878704,14.046511664747625
kin_tau1-taustar_phi-1_T3-650,kinetic,cfr_feed,CO2,264.7327721092741,11.650624567757044
kin_tau1-taustar_phi-1_T3-650,kinetic,cfr_feed,H2O,43.88764593518124,0.7906359415222901
kin_tau1-taustar_phi-1_T3-650,kinetic,stage3_out,H2,1818.3045270747393,3.6657019265826745
kin_tau1-taustar_phi-1_T3-650,kinetic,stage3_out,CH4,571.0811215776766,9.161854433470666
kin_tau1-taustar_phi-1_T3-650,kinetic,stage3_out,CO,499.4855544063848,13.990590378922835
kin_tau1-taustar_phi-1_T3-650,kinetic,stage3_out,CO2,264.12530272484685,11.623890447617786
kin_tau1-taustar_phi-1_T3-650,kinetic,stage3_out,H2O,47.09906045643898,0.8484895741227482
kin_tau1-taustar_phi-1_T3-800,kinetic,stage1_out,H2,5223.234755447472,10.530041266982103
kin_tau1-taustar_phi-1_T3-800,kinetic,stage1_out,CH4,380.3417321684257,6.1018224091780535
kin_tau1-taustar_phi-1_T3-800,kinetic,stage1_out,C(s),2611.617377723736,31.36813632383979
kin_tau1-taustar_phi-1_T3-800,kinetic,stage2_feed,H2,6473.234755447472,13.050041266982104
kin_tau1-taustar_phi-1_T3-800,kinetic,stage2_feed,CO2,954.3502465404804,42.0
kin_tau1-taustar_phi-1_T3-800,kinetic,stage2_feed,CH4,380.3417321684257,6.1018224091780535
kin_tau1-taustar_phi-1_T3-800,kinetic,stage2_out,H2,5219.21094819901,10.521929271569205
kin_tau1-taustar_phi-1_T3-800,kinetic,stage2_out,H2O,877.752918703625,15.812718830445805
kin_tau1-taustar_phi-1_T3-800,kinetic,stage2_out,CH4,568.4771764408451,9.120079341640478
kin_tau1-taustar_phi-1_T3-800,kinetic,stage2_out,CO,501.48203015878704,14.046511664747625
kin_tau1-taustar_phi-1_T3-800,kinetic,stage2_out,CO2,264.7327721092741,11.650624567757044
kin_tau1-taustar_phi-1_T3-800,kinetic,recovered_water,H2O,833.8652727684438,15.022082888923514
kin_tau1-taustar_phi-1_T3-800,kinetic,membrane_permeate,H2,3392.4871163293565,6.839254026519982
kin_tau1-taustar_phi-1_T3-800,kinetic,cfr_feed,H2,1826.7238318696534,3.6826752450492215
kin_tau1-taustar_phi-1_T3-800,kinetic,cfr_feed,CH4,568.4771764408451,9.120079341640478
kin_tau1-taustar_phi-1_T3-800,kinetic,cfr_feed,CO,501.48203015878704,14.046511664747625
kin_tau1-taustar_phi-1_T3-800,kinetic,cfr_feed,CO2,264.7327721092741,11.650624567757044
kin_tau1-taustar_phi-1_T3-800,kinetic,cfr_feed,H2O,43.88764593518124,0.7906359415222901
kin_tau1-taustar_phi-1_T3-800,kinetic,stage3_out,H2,1324.2261430761425,2.6696399044415036
kin_tau1-taustar_phi-1_T3-800,kinetic,stage3_out,CH4,723.445210969487,11.60623151958348
kin_tau1-taustar_phi-1_T3-800,kinetic,stage3_out,CO,359.3687112031897,10.065917600801344
kin_tau1-taustar_phi-1_T3-800,kinetic,stage3_out,CO2,239.50862171895952,10.54053493322969
kin_tau1-taustar_phi-1_T3-800,kinetic,stage3_out,H2O,236.4492656714069,4.259633521070396
kin_tau1-taustar_phi-1_T3-800,kinetic,stage3_out,C(s),12.369434817269676,0.14856928159022606
kin_tau1-10s_phi-0_T3-650,kinetic,stage1_out,H2,5347.089321037976,10.77973207121256
kin_tau1-10s_phi-0_T3-650,kinetic,stage1_out,CH4,318.4144493731735,5.108323011293822
kin_tau1-10s_phi-0_T3-650,kinetic,stage1_out,C(s),2673.544660518988,32.11194491749357
kin_tau1-10s_phi-0_T3-650,kinetic,stage2_feed,H2,6597.089321037976,13.29973207121256
kin_tau1-10s_phi-0_T3-650,kinetic,stage2_feed,CO2,954.3502465404804,42.0
kin_tau1-10s_phi-0_T3-650,kinetic,stage2_feed,CH4,318.4144493731735,5.108323011293822
kin_tau1-10s_phi-0_T3-650,kinetic,stage2_out,H2,5921.943030498469,11.938637149484913
kin_tau1-10s_phi-0_T3-650,kinetic,stage2_out,CO,675.1462905395099,18.91084759801167
kin_tau1-10s_phi-0_T3-650,kinetic,stage2_out,H2O,675.1462905395099,12.16276042406927
kin_tau1-10s_phi-0_T3-650,kinetic,stage2_out,CH4,318.4144493731735,5.108323011293822
kin_tau1-10s_phi-0_T3-650,kinetic,stage2_out,CO2,279.2039560009708,12.287486899646723
kin_tau1-10s_phi-0_T3-650,kinetic,recovered_water,H2O,641.3889760125344,11.554622402865807
kin_tau1-10s_phi-0_T3-650,kinetic,membrane_permeate,H2,3849.262969824005,7.7601141471651935
kin_tau1-10s_phi-0_T3-650,kinetic,cfr_feed,H2,2072.680060674464,4.17852300231972
kin_tau1-10s_phi-0_T3-650,kinetic,cfr_feed,CO,675.1462905395099,18.91084759801167
kin_tau1-10s_phi-0_T3-650,kinetic,cfr_feed,CH4,318.4144493731735,5.108323011293822
kin_tau1-10s_phi-0_T3-650,kinetic,cfr_feed,CO2,279.2039560009708,12.287486899646723
kin_tau1-10s_phi-0_T3-650,kinetic,cfr_feed,H2O,33.757314526975506,0.6081380212034637
kin_tau1-10s_phi-0_T3-650,kinetic,stage3_out,H2,2060.368402456598,4.153702699352501
kin_tau1-10s_phi-0_T3-650,kinetic,stage3_out,CO,672.2058712056983,18.82848645247161
kin_tau1-10s_phi-0_T3-650,kinetic,stage3_out,CH4,322.22746876109426,5.169495281334235
kin_tau1-10s_phi-0_T3-650,kinetic,stage3_out,CO2,278.33135594686075,12.249084643865395
kin_tau1-10s_phi-0_T3-650,kinetic,stage3_out,H2O,38.442933969005665,0.692549455451637
kin_tau1-10s_phi-0_T3-800,kinetic,stage1_out,H2,5347.089321037976,10.77973207121256
kin_tau1-10s_phi-0_T3-800,kinetic,stage1_out,CH4,318.4144493731735,5.108323011293822
kin_tau1-10s_phi-0_T3-800,kinetic,stage1_out,C(s),2673.544660518988,32.11194491749357
kin_tau1-10s_phi-0_T3-800,kinetic,stage2_feed,H2,6597.089321037976,13.29973207121256
kin_tau1-10s_phi-0_T3-800,kinetic,stage2_feed,CO2,954.3502465404804,42.0
kin_tau1-10s_phi-0_T3-800,kinetic,stage2_feed,CH4,318.4144493731735,5.108323011293822
kin_tau1-10s_phi-0_T3-800,kinetic,stage2_out,H2,5921.943030498469,11.938637149484913
kin_tau1-10s_phi-0_T3-800,kinetic,stage2_out,CO,675.1462905395099,18.91084759801167
kin_tau1-10s_phi-0_T3-800,kinetic,stage2_out,H2O,675.1462905395099,12.16276042406927
kin_tau1-10s_phi-0_T3-800,kinetic,stage2_out,CH4,318.4144493731735,5.108323011293822
kin_tau1-10s_phi-0_T3-800,kinetic,stage2_out,CO2,279.2039560009708,12.287486899646723
kin_tau1-10s_phi-0_T3-800,kinetic,recovered_water,H2O,641.3889760125344,11.554622402865807
kin_tau1-10s_phi-0_T3-800,kinetic,membrane_permeate,H2,3849.262969824005,7.7601141471651935
kin_tau1-10s_phi-0_T3-800,kinetic,cfr_feed,H2,2072.680060674464,4.17852300231972
kin_tau1-10s_phi-0_T3-800,kinetic,cfr_feed,CO,675.1462905395099,18.91084759801167
kin_tau1-10s_phi-0_T3-800,kinetic,cfr_feed,CH4,318.4144493731735,5.108323011293822
kin_tau1-10s_phi-0_T3-800,kinetic,cfr_feed,CO2,279.2039560009708,12.287486899646723
kin_tau1-10s_phi-0_T3-800,kinetic,cfr_feed,H2O,33.757314526975506,0.6081380212034637
kin_tau1-10s_phi-0_T3-800,kinetic,stage3_out,H2,1355.2104381405372,2.732104243291323
kin_tau1-10s_phi-0_T3-800,kinetic,stage3_out,CH4,546.9369625623447,8.774509690387696
kin_tau1-10s_phi-0_T3-800,kinetic,stage3_out,CO,478.38349778617146,13.399521772990662
kin_tau1-10s_phi-0_T3-800,kinetic,stage3_out,H2O,294.18191068256,5.299687120946318
kin_tau1-10s_phi-0_T3-800,kinetic,stage3_out,CO2,247.37305429984727,10.886640746681978
kin_tau1-10s_phi-0_T3-800,kinetic,stage3_out,C(s),0.07118126529049112,0.0008549581774040889
kin_tau1-10s_phi-0.1_T3-650,kinetic,stage1_out,H2,5347.089321037976,10.77973207121256
kin_tau1-10s_phi-0.1_T3-650,kinetic,stage1_out,CH4,318.4144493731735,5.108323011293822
kin_tau1-10s_phi-0.1_T3-650,kinetic,stage1_out,C(s),2673.544660518988,32.11194491749357
kin_tau1-10s_phi-0.1_T3-650,kinetic,stage2_feed,H2,6597.089321037976,13.29973207121256
kin_tau1-10s_phi-0.1_T3-650,kinetic,stage2_feed,CO2,954.3502465404804,42.0
kin_tau1-10s_phi-0.1_T3-650,kinetic,stage2_feed,CH4,318.4144493731735,5.108323011293822
kin_tau1-10s_phi-0.1_T3-650,kinetic,stage2_out,H2,5760.874156755631,11.613922300019352
kin_tau1-10s_phi-0.1_T3-650,kinetic,stage2_out,H2O,737.534267529722,13.286679829547943
kin_tau1-10s_phi-0.1_T3-650,kinetic,stage2_out,CO,638.853370777101,17.894282915466597
kin_tau1-10s_phi-0.1_T3-650,kinetic,stage2_out,CH4,367.75489774948386,5.8998918245949685
kin_tau1-10s_phi-0.1_T3-650,kinetic,stage2_out,CO2,266.1564273870685,11.713278212877498
kin_tau1-10s_phi-0.1_T3-650,kinetic,recovered_water,H2O,700.6575541532359,12.622345838070546
kin_tau1-10s_phi-0.1_T3-650,kinetic,membrane_permeate,H2,3744.5682018911602,7.5490494950125795
kin_tau1-10s_phi-0.1_T3-650,kinetic,cfr_feed,H2,2016.3059548644706,4.064872805006773
kin_tau1-10s_phi-0.1_T3-650,kinetic,cfr_feed,CO,638.853370777101,17.894282915466597
kin_tau1-10s_phi-0.1_T3-650,kinetic,cfr_feed,CH4,367.75489774948386,5.8998918245949685
kin_tau1-10s_phi-0.1_T3-650,kinetic,cfr_feed,CO2,266.1564273870685,11.713278212877498
kin_tau1-10s_phi-0.1_T3-650,kinetic,cfr_feed,H2O,36.87671337648612,0.6643339914773975
kin_tau1-10s_phi-0.1_T3-650,kinetic,stage3_out,H2,2004.9119897369912,4.041902571309774
kin_tau1-10s_phi-0.1_T3-650,kinetic,stage3_out,CO,636.1111222467971,17.817472534132786
kin_tau1-10s_phi-0.1_T3-650,kinetic,stage3_out,CH4,371.2889511639282,5.9565886435229
kin_tau1-10s_phi-0.1_T3-650,kinetic,stage3_out,CO2,265.36462250292726,11.678431671731326
kin_tau1-10s_phi-0.1_T3-650,kinetic,stage3_out,H2O,41.202571675072285,0.7422643287264272
kin_tau1-10s_phi-0.1_T3-800,kinetic,stage1_out,H2,5347.089321037976,10.77973207121256
kin_tau1-10s_phi-0.1_T3-800,kinetic,stage1_out,CH4,318.4144493731735,5.108323011293822
kin_tau1-10s_phi-0.1_T3-800,kinetic,stage1_out,C(s),2673.544660518988,32.11194491749357
kin_tau1-10s_phi-0.1_T3-800,kinetic,stage2_feed,H2,6597.089321037976,13.29973207121256
kin_tau1-10s_phi-0.1_T3-800,kinetic,stage2_feed,CO2,954.3502465404804,42.0
kin_tau1-10s_phi-0.1_T3-800,kinetic,stage2_feed,CH4,318.4144493731735,5.108323011293822
kin_tau1-10s_phi-0.1_T3-800,kinetic,stage2_out,H2,5760.874156755631,11.613922300019352
kin_tau1-10s_phi-0.1_T3-800,kinetic,stage2_out,H2O,737.534267529722,13.286679829547943
kin_tau1-10s_phi-0.1_T3-800,kinetic,stage2_out,CO,638.853370777101,17.894282915466597
kin_tau1-10s_phi-0.1_T3-800,kinetic,stage2_out,CH4,367.75489774948386,5.8998918245949685
kin_tau1-10s_phi-0.1_T3-800,kinetic,stage2_out,CO2,266.1564273870685,11.713278212877498
kin_tau1-10s_phi-0.1_T3-800,kinetic,recovered_water,H2O,700.6575541532359,12.622345838070546
kin_tau1-10s_phi-0.1_T3-800,kinetic,membrane_permeate,H2,3744.5682018911602,7.5490494950125795
kin_tau1-10s_phi-0.1_T3-800,kinetic,cfr_feed,H2,2016.3059548644706,4.064872805006773
kin_tau1-10s_phi-0.1_T3-800,kinetic,cfr_feed,CO,638.853370777101,17.894282915466597
kin_tau1-10s_phi-0.1_T3-800,kinetic,cfr_feed,CH4,367.75489774948386,5.8998918245949685
kin_tau1-10s_phi-0.1_T3-800,kinetic,cfr_feed,CO2,266.1564273870685,11.713278212877498
kin_tau1-10s_phi-0.1_T3-800,kinetic,cfr_feed,H2O,36.87671337648612,0.6643339914773975
kin_tau1-10s_phi-0.1_T3-800,kinetic,stage3_out,H2,1342.196173611149,2.7058674860000766
kin_tau1-10s_phi-0.1_T3-800,kinetic,stage3_out,CH4,582.4630744070884,9.344455102712919
kin_tau1-10s_phi-0.1_T3-800,kinetic,stage3_out,CO,453.31035801021915,12.697223127866236
kin_tau1-10s_phi-0.1_T3-800,kinetic,stage3_out,H2O,281.5701413146056,5.0724860957826206
kin_tau1-10s_phi-0.1_T3-800,kinetic,stage3_out,CO2,236.5812198014488,10.411702902241961
kin_tau1-10s_phi-0.1_T3-800,kinetic,stage3_out,C(s),0.4100436948971055,0.004925034819409134
kin_tau1-10s_phi-1_T3-650,kinetic,stage1_out,H2,5347.089321037976,10.77973207121256
kin_tau1-10s_phi-1_T3-650,kinetic,stage1_out,CH4,318.4144493731735,5.108323011293822
kin_tau1-10s_phi-1_T3-650,kinetic,stage1_out,C(s),2673.544660518988,32.11194491749357
kin_tau1-10s_phi-1_T3-650,kinetic,stage2_feed,H2,6597.089321037976,13.29973207121256
kin_tau1-10s_phi-1_T3-650,kinetic,stage2_feed,CO2,954.3502465404804,42.0
kin_tau1-10s_phi-1_T3-650,kinetic,stage2_feed,CH4,318.4144493731735,5.108323011293822
kin_tau1-10s_phi-1_T3-650,kinetic,stage2_out,H2,5282.633639716599,10.649789417668662
kin_tau1-10s_phi-1_T3-650,kinetic,stage2_out,H2O,904.0372279023954,16.286230660661655
kin_tau1-10s_phi-1_T3-650,kinetic,stage2_out,CH4,523.6236760826648,8.40049463539419
kin_tau1-10s_phi-1_T3-650,kinetic,stage2_out,CO,493.6187744834115,13.826261873280357
kin_tau1-10s_phi-1_T3-650,kinetic,stage2_out,CO2,255.5222453475764,11.245278495501488
kin_tau1-10s_phi-1_T3-650,kinetic,recovered_water,H2O,858.8353665072756,15.471919127628569
kin_tau1-10s_phi-1_T3-650,kinetic,membrane_permeate,H2,3433.711865815789,6.922363121484631
kin_tau1-10s_phi-1_T3-650,kinetic,cfr_feed,H2,1848.9217739008095,3.727426296184032
kin_tau1-10s_phi-1_T3-650,kinetic,cfr_feed,CH4,523.6236760826648,8.40049463539419
kin_tau1-10s_phi-1_T3-650,kinetic,cfr_feed,CO,493.6187744834115,13.826261873280357
kin_tau1-10s_phi-1_T3-650,kinetic,cfr_feed,CO2,255.5222453475764,11.245278495501488
kin_tau1-10s_phi-1_T3-650,kinetic,cfr_feed,H2O,45.20186139511986,0.8143115330330845
kin_tau1-10s_phi-1_T3-650,kinetic,stage3_out,H2,1840.3236939618464,3.710092567027082
kin_tau1-10s_phi-1_T3-650,kinetic,stage3_out,CH4,526.2750685424955,8.443030924627255
kin_tau1-10s_phi-1_T3-650,kinetic,stage3_out,CO,491.611284583054,13.77003208117134
kin_tau1-10s_phi-1_T3-650,kinetic,stage3_out,CO2,254.87834278810146,11.216940987761559
kin_tau1-10s_phi-1_T3-650,kinetic,stage3_out,H2O,48.49715641442474,0.8736762728058617
kin_tau1-10s_phi-1_T3-800,kinetic,stage1_out,H2,5347.089321037976,10.77973207121256
kin_tau1-10s_phi-1_T3-800,kinetic,stage1_out,CH4,318.4144493731735,5.108323011293822
kin_tau1-10s_phi-1_T3-800,kinetic,stage1_out,C(s),2673.544660518988,32.11194491749357
kin_tau1-10s_phi-1_T3-800,kinetic,stage2_feed,H2,6597.089321037976,13.29973207121256
kin_tau1-10s_phi-1_T3-800,kinetic,stage2_feed,CO2,954.3502465404804,42.0
kin_tau1-10s_phi-1_T3-800,kinetic,stage2_feed,CH4,318.4144493731735,5.108323011293822
kin_tau1-10s_phi-1_T3-800,kinetic,stage2_out,H2,5282.633639716599,10.649789417668662
kin_tau1-10s_phi-1_T3-800,kinetic,stage2_out,H2O,904.0372279023954,16.286230660661655
kin_tau1-10s_phi-1_T3-800,kinetic,stage2_out,CH4,523.6236760826648,8.40049463539419
kin_tau1-10s_phi-1_T3-800,kinetic,stage2_out,CO,493.6187744834115,13.826261873280357
kin_tau1-10s_phi-1_T3-800,kinetic,stage2_out,CO2,255.5222453475764,11.245278495501488
kin_tau1-10s_phi-1_T3-800,kinetic,recovered_water,H2O,858.8353665072756,15.471919127628569
kin_tau1-10s_phi-1_T3-800,kinetic,membrane_permeate,H2,3433.711865815789,6.922363121484631
kin_tau1-10s_phi-1_T3-800,kinetic,cfr_feed,H2,1848.9217739008095,3.727426296184032
kin_tau1-10s_phi-1_T3-800,kinetic,cfr_feed,CH4,523.6236760826648,8.40049463539419
kin_tau1-10s_phi-1_T3-800,kinetic,cfr_feed,CO,493.6187744834115,13.826261873280357
kin_tau1-10s_phi-1_T3-800,kinetic,cfr_feed,CO2,255.5222453475764,11.245278495501488
kin_tau1-10s_phi-1_T3-800,kinetic,cfr_feed,H2O,45.20186139511986,0.8143115330330845
kin_tau1-10s_phi-1_T3-800,kinetic,stage3_out,H2,1325.8509145778912,2.672915443789029
kin_tau1-10s_phi-1_T3-800,kinetic,stage3_out,CH4,687.9361781715345,11.036560106405927
kin_tau1-10s_phi-1_T3-800,kinetic,stage3_out,CO,352.1564062983984,9.863900940418137
kin_tau1-10s_phi-1_T3-800,kinetic,stage3_out,H2O,239.64771654030713,4.317253613473633
kin_tau1-10s_phi-1_T3-800,kinetic,stage3_out,CO2,229.0305018674899,10.079403356686363
kin_tau1-10s_phi-1_T3-800,kinetic,stage3_out,C(s),3.6416095762308744,0.04373937262010903
kin_tau1-30s_phi-0_T3-650,kinetic,stage1_out,H2,5796.755569720332,11.686259228556187
kin_tau1-30s_phi-0_T3-650,kinetic,stage1_out,CH4,93.58132503198898,1.5013251974881991
kin_tau1-30s_phi-0_T3-650,kinetic,stage1_out,C(s),2898.377784860166,34.81241557395545
kin_tau1-30s_phi-0_T3-650,kinetic,stage2_feed,H2,7046.755569720332,14.206259228556188
kin_tau1-30s_phi-0_T3-650,kinetic,stage2_feed,CO2,954.3502465404804,42.0
kin_tau1-30s_phi-0_T3-650,kinetic,stage2_feed,CH4,93.58132503198898,1.5013251974881991
kin_tau1-30s_phi-0_T3-650,kinetic,stage2_out,H2,6358.798095383984,12.819336960294113
kin_tau1-30s_phi-0_T3-650,kinetic,stage2_out,CO,687.9574743363471,19.26968885616108
kin_tau1-30s_phi-0_T3-650,kinetic,stage2_out,H2O,687.9574743363471,12.393553900169294
kin_tau1-30s_phi-0_T3-650,kinetic,stage2_out,CO2,266.3927722041328,11.723679511931682
kin_tau1-30s_phi-0_T3-650,kinetic,stage2_out,CH4,93.58132503198898,1.5013251974881991
kin_tau1-30s_phi-0_T3-650,kinetic,recovered_water,H2O,653.5596006195298,11.773876205160828
kin_tau1-30s_phi-0_T3-650,kinetic,membrane_permeate,H2,4133.21876199959,8.332569024191175
kin_tau1-30s_phi-0_T3-650,kinetic,cfr_feed,H2,2225.5793333843944,4.48676793610294
kin_tau1-30s_phi-0_T3-650,kinetic,cfr_feed,CO,687.9574743363471,19.26968885616108
kin_tau1-30s_phi-0_T3-650,kinetic,cfr_feed,CO2,266.3927722041328,11.723679511931682
kin_tau1-30s_phi-0_T3-650,kinetic,cfr_feed,CH4,93.58132503198898,1.5013251974881991
kin_tau1-30s_phi-0_T3-650,kinetic,cfr_feed,H2O,34.397873716817344,0.6196776950084645
kin_tau1-30s_phi-0_T3-650,kinetic,stage3_out,H2,2210.997783251214,4.457371531034448
kin_tau1-30s_phi-0_T3-650,kinetic,stage3_out,CO,684.6923550202068,19.17823286411599
kin_tau1-30s_phi-0_T3-650,kinetic,stage3_out,CO2,265.1962241579437,11.671020628966945
kin_tau1-30s_phi-0_T3-650,kinetic,stage3_out,CH4,98.04299239431833,1.572903726982049
kin_tau1-30s_phi-0_T3-650,kinetic,stage3_out,H2O,40.05608912533507,0.7216104455929113
kin_tau1-30s_phi-0_T3-800,kinetic,stage1_out,H2,5796.755569720332,11.686259228556187
kin_tau1-30s_phi-0_T3-800,kinetic,stage1_out,CH4,93.58132503198898,1.5013251974881991
kin_tau1-30s_phi-0_T3-800,kinetic,stage1_out,C(s),2898.377784860166,34.81241557395545
kin_tau1-30s_phi-0_T3-800,kinetic,stage2_feed,H2,7046.755569720332,14.206259228556188
kin_tau1-30s_phi-0_T3-800,kinetic,stage2_feed,CO2,954.3502465404804,42.0
kin_tau1-30s_phi-0_T3-800,kinetic,stage2_feed,CH4,93.58132503198898,1.5013251974881991
kin_tau1-30s_phi-0_T3-800,kinetic,stage2_out,H2,6358.798095383984,12.819336960294113
kin_tau1-30s_phi-0_T3-800,kinetic,stage2_out,CO,687.9574743363471,19.26968885616108
kin_tau1-30s_phi-0_T3-800,kinetic,stage2_out,H2O,687.9574743363471,12.393553900169294
kin_tau1-30s_phi-0_T3-800,kinetic,stage2_out,CO2,266.3927722041328,11.723679511931682
kin_tau1-30s_phi-0_T3-800,kinetic,stage2_out,CH4,93.58132503198898,1.5013251974881991
kin_tau1-30s_phi-0_T3-800,kinetic,recovered_water,H2O,653.5596006195298,11.773876205160828
kin_tau1-30s_phi-0_T3-800,kinetic,membrane_permeate,H2,4133.21876199959,8.332569024191175
kin_tau1-30s_phi-0_T3-800,kinetic,cfr_feed,H2,2225.5793333843944,4.48676793610294
kin_tau1-30s_phi-0_T3-800,kinetic,cfr_feed,CO,687.9574743363471,19.26968885616108
kin_tau1-30s_phi-0_T3-800,kinetic,cfr_feed,CO2,266.3927722041328,11.723679511931682
kin_tau1-30s_phi-0_T3-800,kinetic,cfr_feed,CH4,93.58132503198898,1.5013251974881991
kin_tau1-30s_phi-0_T3-800,kinetic,cfr_feed,H2O,34.397873716817344,0.6196776950084645
kin_tau1-30s_phi-0_T3-800,kinetic,stage3_out,H2,1421.3833140858317,2.8655087611970367
kin_tau1-30s_phi-0_T3-800,kinetic,stage3_out,CO,475.84747859982036,13.328487875580969
kin_tau1-30s_phi-0_T3-800,kinetic,stage3_out,CH4,347.6578287907613,5.577474547290183
kin_tau1-30s_phi-0_T3-800,kinetic,stage3_out,H2O,330.4408854978352,5.952892552243501
kin_tau1-30s_phi-0_T3-800,kinetic,stage3_out,CO2,224.42626418188598,9.876775460380621
kin_tau1-30s_phi-0.1_T3-650,kinetic,stage1_out,H2,5796.755569720332,11.686259228556187
kin_tau1-30s_phi-0.1_T3-650,kinetic,stage1_out,CH4,93.58132503198898,1.5013251974881991
kin_tau1-30s_phi-0.1_T3-650,kinetic,stage1_out,C(s),2898.377784860166,34.81241557395545
kin_tau1-30s_phi-0.1_T3-650,kinetic,stage2_feed,H2,7046.755569720332,14.206259228556188
kin_tau1-30s_phi-0.1_T3-650,kinetic,stage2_feed,CO2,954.3502465404804,42.0
kin_tau1-30s_phi-0.1_T3-650,kinetic,stage2_feed,CH4,93.58132503198898,1.5013251974881991
kin_tau1-30s_phi-0.1_T3-650,kinetic,stage2_out,H2,6160.54844200044,12.419665659072887
kin_tau1-30s_phi-0.1_T3-650,kinetic,stage2_out,H2O,765.2411559496123,13.785819424432265
kin_tau1-30s_phi-0.1_T3-650,kinetic,stage2_out,CO,644.2751841793321,18.04614790886309
kin_tau1-30s_phi-0.1_T3-650,kinetic,stage2_out,CO2,249.5920764760085,10.984297693632657
kin_tau1-30s_phi-0.1_T3-650,kinetic,stage2_out,CH4,154.06431091712923,2.471653740043504
kin_tau1-30s_phi-0.1_T3-650,kinetic,recovered_water,H2O,726.9790981521317,13.096528453210652
kin_tau1-30s_phi-0.1_T3-650,kinetic,membrane_permeate,H2,4004.3564873002865,8.072782678397378
kin_tau1-30s_phi-0.1_T3-650,kinetic,cfr_feed,H2,2156.191954700154,4.3468829806755105
kin_tau1-30s_phi-0.1_T3-650,kinetic,cfr_feed,CO,644.2751841793321,18.04614790886309
kin_tau1-30s_phi-0.1_T3-650,kinetic,cfr_feed,CO2,249.5920764760085,10.984297693632657
kin_tau1-30s_phi-0.1_T3-650,kinetic,cfr_feed,CH4,154.06431091712923,2.471653740043504
kin_tau1-30s_phi-0.1_T3-650,kinetic,cfr_feed,H2O,38.26205779748068,0.6892909712216144
kin_tau1-30s_phi-0.1_T3-650,kinetic,stage3_out,H2,2142.8875796472976,4.320061360568952
kin_tau1-30s_phi-0.1_T3-650,kinetic,stage3_out,CO,641.2628444553048,17.961772273193088
kin_tau1-30s_phi-0.1_T3-650,kinetic,stage3_out,CO2,248.525237505816,10.937347177393455
kin_tau1-30s_phi-0.1_T3-650,kinetic,stage3_out,CH4,158.14348961134786,2.5370960038348533
kin_tau1-30s_phi-0.1_T3-650,kinetic,stage3_out,H2O,43.4080754618918,0.7819964794459807
kin_tau1-30s_phi-0.1_T3-800,kinetic,stage1_out,H2,5796.755569720332,11.686259228556187
kin_tau1-30s_phi-0.1_T3-800,kinetic,stage1_out,CH4,93.58132503198898,1.5013251974881991
kin_tau1-30s_phi-0.1_T3-800,kinetic,stage1_out,C(s),2898.377784860166,34.81241557395545
kin_tau1-30s_phi-0.1_T3-800,kinetic,stage2_feed,H2,7046.755569720332,14.206259228556188
kin_tau1-30s_phi-0.1_T3-800,kinetic,stage2_feed,CO2,954.3502465404804,42.0
kin_tau1-30s_phi-0.1_T3-800,kinetic,stage2_feed,CH4,93.58132503198898,1.5013251974881991
kin_tau1-30s_phi-0.1_T3-800,kinetic,stage2_out,H2,6160.54844200044,12.419665659072887
kin_tau1-30s_phi-0.1_T3-800,kinetic,stage2_out,H2O,765.2411559496123,13.785819424432265
kin_tau1-30s_phi-0.1_T3-800,kinetic,stage2_out,CO,644.2751841793321,18.04614790886309
kin_tau1-30s_phi-0.1_T3-800,kinetic,stage2_out,CO2,249.5920764760085,10.984297693632657
kin_tau1-30s_phi-0.1_T3-800,kinetic,stage2_out,CH4,154.06431091712923,2.471653740043504
kin_tau1-30s_phi-0.1_T3-800,kinetic,recovered_water,H2O,726.9790981521317,13.096528453210652
kin_tau1-30s_phi-0.1_T3-800,kinetic,membrane_permeate,H2,4004.3564873002865,8.072782678397378
kin_tau1-30s_phi-0.1_T3-800,kinetic,cfr_feed,H2,2156.191954700154,4.3468829806755105
kin_tau1-30s_phi-0.1_T3-800,kinetic,cfr_feed,CO,644.2751841793321,18.04614790886309
kin_tau1-30s_phi-0.1_T3-800,kinetic,cfr_feed,CO2,249.5920764760085,10.984297693632657
kin_tau1-30s_phi-0.1_T3-800,kinetic,cfr_feed,CH4,154.06431091712923,2.471653740043504
kin_tau1-30s_phi-0.1_T3-800,kinetic,cfr_feed,H2O,38.26205779748068,0.6892909712216144
kin_tau1-30s_phi-0.1_T3-800,kinetic,stage3_out,H2,1414.1405092180466,2.850907266583582
kin_tau1-30s_phi-0.1_T3-800,kinetic,stage3_out,CO,447.8624742239315,12.544627903012321
kin_tau1-30s_phi-0.1_T3-800,kinetic,stage3_out,CH4,388.63533201061983,6.234876631446374
kin_tau1-30s_phi-0.1_T3-800,kinetic,stage3_out,H2O,311.17146109260506,5.605753871583281
kin_tau1-30s_phi-0.1_T3-800,kinetic,stage3_out,CO2,211.34372980614617,9.301026205038687
kin_tau1-30s_phi-0.1_T3-800,kinetic,stage3_out,C(s),0.09003553177110885,0.0010814167721027884
kin_tau1-30s_phi-1_T3-650,kinetic,stage1_out,H2,5796.755569720332,11.686259228556187
kin_tau1-30s_phi-1_T3-650,kinetic,stage1_out,CH4,93.58132503198898,1.5013251974881991
kin_tau1-30s_phi-1_T3-650,kinetic,stage1_out,C(s),2898.377784860166,34.81241557395545
kin_tau1-30s_phi-1_T3-650,kinetic,stage2_feed,H2,7046.755569720332,14.206259228556188
kin_tau1-30s_phi-1_T3-650,kinetic,stage2_feed,CO2,954.3502465404804,42.0
kin_tau1-30s_phi-1_T3-650,kinetic,stage2_feed,CH4,93.58132503198898,1.5013251974881991
kin_tau1-30s_phi-1_T3-650,kinetic,stage2_out,H2,5493.507089498614,11.074910292429205
kin_tau1-30s_phi-1_T3-650,kinetic,stage2_out,H2O,1007.0922350238272,18.142766613954247
kin_tau1-30s_phi-1_T3-650,kinetic,stage2_out,CO,460.93598982594193,12.910817075024632
kin_tau1-30s_phi-1_T3-650,kinetic,stage2_out,CH4,366.6594476309316,5.882317518343035
kin_tau1-30s_phi-1_T3-650,kinetic,stage2_out,CO2,220.3361341155958,9.696772926293255
kin_tau1-30s_phi-1_T3-650,kinetic,recovered_water,H2O,956.7376232726358,17.235628283256535
kin_tau1-30s_phi-1_T3-650,kinetic,membrane_permeate,H2,3570.779608174099,7.1986916900789835
kin_tau1-30s_phi-1_T3-650,kinetic,cfr_feed,H2,1922.7274813245147,3.876218602350222
kin_tau1-30s_phi-1_T3-650,kinetic,cfr_feed,CO,460.93598982594193,12.910817075024632
kin_tau1-30s_phi-1_T3-650,kinetic,cfr_feed,CH4,366.6594476309316,5.882317518343035
kin_tau1-30s_phi-1_T3-650,kinetic,cfr_feed,CO2,220.3361341155958,9.696772926293255
kin_tau1-30s_phi-1_T3-650,kinetic,cfr_feed,H2O,50.35461175119144,0.9071383306977139
kin_tau1-30s_phi-1_T3-650,kinetic,stage3_out,H2,1913.5526137014326,3.857722069222088
kin_tau1-30s_phi-1_T3-650,kinetic,stage3_out,CO,458.9126388092443,12.854143013046933
kin_tau1-30s_phi-1_T3-650,kinetic,stage3_out,CH4,369.4590022908777,5.927230773752551
kin_tau1-30s_phi-1_T3-650,kinetic,stage3_out,CO2,219.55993047234838,9.662612980157581
kin_tau1-30s_phi-1_T3-650,kinetic,stage3_out,H2O,53.930370054385385,0.9715556165297528
kin_tau1-30s_phi-1_T3-800,kinetic,stage1_out,H2,5796.755569720332,11.686259228556187
kin_tau1-30s_phi-1_T3-800,kinetic,stage1_out,CH4,93.58132503198898,1.5013251974881991
kin_tau1-30s_phi-1_T3-800,kinetic,stage1_out,C(s),2898.377784860166,34.81241557395545
kin_tau1-30s_phi-1_T3-800,kinetic,stage2_feed,H2,7046.755569720332,14.206259228556188
kin_tau1-30s_phi-1_T3-800,kinetic,stage2_feed,CO2,954.3502465404804,42.0
kin_tau1-30s_phi-1_T3-800,kinetic,stage2_feed,CH4,93.58132503198898,1.5013251974881991
kin_tau1-30s_phi-1_T3-800,kinetic,stage2_out,H2,5493.507089498614,11.074910292429205
kin_tau1-30s_phi-1_T3-800,kinetic,stage2_out,H2O,1007.0922350238272,18.142766613954247
kin_tau1-30s_phi-1_T3-800,kinetic,stage2_out,CO,460.93598982594193,12.910817075024632
kin_tau1-30s_phi-1_T3-800,kinetic,stage2_out,CH4,366.6594476309316,5.882317518343035
kin_tau1-30s_phi-1_T3-800,kinetic,stage2_out,CO2,220.3361341155958,9.696772926293255
kin_tau1-30s_phi-1_T3-800,kinetic,recovered_water,H2O,956.7376232726358,17.235628283256535
kin_tau1-30s_phi-1_T3-800,kinetic,membrane_permeate,H2,3570.779608174099,7.1986916900789835
kin_tau1-30s_phi-1_T3-800,kinetic,cfr_feed,H2,1922.7274813245147,3.876218602350222
kin_tau1-30s_phi-1_T3-800,kinetic,cfr_feed,CO,460.93598982594193,12.910817075024632
kin_tau1-30s_phi-1_T3-800,kinetic,cfr_feed,CH4,366.6594476309316,5.882317518343035
kin_tau1-30s_phi-1_T3-800,kinetic,cfr_feed,CO2,220.3361341155958,9.696772926293255
kin_tau1-30s_phi-1_T3-800,kinetic,cfr_feed,H2O,50.35461175119144,0.9071383306977139
kin_tau1-30s_phi-1_T3-800,kinetic,stage3_out,H2,1396.0151639279113,2.814366570478669
kin_tau1-30s_phi-1_T3-800,kinetic,stage3_out,CH4,532.0091667810203,8.535023062667909
kin_tau1-30s_phi-1_T3-800,kinetic,stage3_out,CO,326.24943062219756,9.138246551727752
kin_tau1-30s_phi-1_T3-800,kinetic,stage3_out,H2O,246.36749084762212,4.438310347619913
kin_tau1-30s_phi-1_T3-800,kinetic,stage3_out,CO2,189.6729741692532,8.347317920214664
eq_FeedA_T3-650,equilibrium,stage1_out,H2,5803.281028408566,11.69941455327167
eq_FeedA_T3-650,equilibrium,stage1_out,CH4,90.30897372444424,1.4488268654612588
eq_FeedA_T3-650,equilibrium,stage1_out,C2H4,0.007153817232801203,0.00020069318864900492
eq_FeedA_T3-650,equilibrium,stage1_out,H,0.0011541457309954164,1.1633788968433797e-06
eq_FeedA_T3-650,equilibrium,stage1_out,C2H6,0.001083056163140187,3.256749882562542e-05
eq_FeedA_T3-650,equilibrium,stage1_out,C2H2,0.0005960424481711697,1.5519753265480917e-05
eq_FeedA_T3-650,equilibrium,stage1_out,CH3,0.00034244666115335385,5.148685550440675e-06
eq_FeedA_T3-650,equilibrium,stage1_out,C(s),2901.632127623428,34.85150348488499
eq_FeedA_T3-650,equilibrium,stage2_feed,H2,7053.281028408566,14.21941455327167
eq_FeedA_T3-650,equilibrium,stage2_feed,CO2,954.3502465404804,42.0
eq_FeedA_T3-650,equilibrium,stage2_feed,CH4,90.30897372444424,1.4488268654612588
eq_FeedA_T3-650,equilibrium,stage2_out,H2,5683.85588357449,11.458653461286172
eq_FeedA_T3-650,equilibrium,stage2_out,H2O,974.1904695478596,17.550041308904692
eq_FeedA_T3-650,equilibrium,stage2_out,CO,578.9535359728807,16.216488542600384
eq_FeedA_T3-650,equilibrium,stage2_out,CH4,287.92340842203356,4.619155241314685
eq_FeedA_T3-650,equilibrium,stage2_out,CO2,177.7781112533754,7.823836898149799
eq_FeedA_T3-650,equilibrium,stage2_out,C2H6,0.0016209663172597707,4.8742457160001304e-05
eq_FeedA_T3-650,equilibrium,stage2_out,C2H4,0.00032620389182777944,9.151323981336524e-06
eq_FeedA_T3-650,equilibrium,stage2_out,CH2O,0.000245857413027796,7.382114683572602e-06
eq_FeedA_T3-650,equilibrium,stage2_out,CH3OH,1.7695470572064038e-05,5.669982680700759e-07
eq_FeedA_T3-650,equilibrium,stage2_out,H,3.681187618488343e-06,3.71063711943625e-09
eq_FeedA_T3-650,equilibrium,stage2_out,CH3,3.108106395973513e-06,4.673037966346177e-08
eq_FeedA_T3-650,equilibrium,recovered_water,H2O,925.4809460704665,16.672539243459454
eq_FeedA_T3-650,equilibrium,membrane_permeate,H2,3694.5063243234185,7.448124749836012
eq_FeedA_T3-650,equilibrium,cfr_feed,H2,1989.3495592510712,4.01052871145016
eq_FeedA_T3-650,equilibrium,cfr_feed,CO,578.9535359728807,16.216488542600384
eq_FeedA_T3-650,equilibrium,cfr_feed,CH4,287.92340842203356,4.619155241314685
eq_FeedA_T3-650,equilibrium,cfr_feed,CO2,177.7781112533754,7.823836898149799
eq_FeedA_T3-650,equilibrium,cfr_feed,H2O,48.70952347739308,0.8775020654452363
eq_FeedA_T3-650,equilibrium,cfr_feed,C2H6,0.0016209663172597707,4.8742457160001304e-05
eq_FeedA_T3-650,equilibrium,cfr_feed,C2H4,0.00032620389182777944,9.151323981336524e-06
eq_FeedA_T3-650,equilibrium,cfr_feed,CH2O,0.000245857413027796,7.382114683572602e-06
eq_FeedA_T3-650,equilibrium,cfr_feed,CH3OH,1.7695470572064038e-05,5.669982680700759e-07
eq_FeedA_T3-650,equilibrium,cfr_feed,H,3.681187618488343e-06,3.71063711943625e-09
eq_FeedA_T3-650,equilibrium,cfr_feed,CH3,3.108106395973513e-06,4.673037966346177e-08
eq_FeedA_T3-650,equilibrium,stage3_out,CH4,806.9270559658098,12.945530758859485
eq_FeedA_T3-650,equilibrium,stage3_out,H2O,755.8851053972386,13.617270173731253
eq_FeedA_T3-650,equilibrium,stage3_out,H2,244.15873983531486,0.4922240195079947
eq_FeedA_T3-650,equilibrium,stage3_out,CO2,112.50126865299842,4.9510683321498075
eq_FeedA_T3-650,equilibrium,stage3_out,CO,2.3319031958454963,0.06531660851563235
eq_FeedA_T3-650,equilibrium,stage3_out,C2H6,0.00458100312466432,0.0001377507639586561
eq_FeedA_T3-650,equilibrium,stage3_out,C2H4,1.3053564126001162e-06,3.662046879908366e-08
eq_FeedA_T3-650,equilibrium,stage3_out,C(s),122.88982619682368,1.4760297024500493
eq_FeedA_T3-800,equilibrium,stage1_out,H2,5803.281028408566,11.69941455327167
eq_FeedA_T3-800,equilibrium,stage1_out,CH4,90.30897372444424,1.4488268654612588
eq_FeedA_T3-800,equilibrium,stage1_out,C2H4,0.007153817232801203,0.00020069318864900492
eq_FeedA_T3-800,equilibrium,stage1_out,H,0.0011541457309954164,1.1633788968433797e-06
eq_FeedA_T3-800,equilibrium,stage1_out,C2H6,0.001083056163140187,3.256749882562542e-05
eq_FeedA_T3-800,equilibrium,stage1_out,C2H2,0.0005960424481711697,1.5519753265480917e-05
eq_FeedA_T3-800,equilibrium,stage1_out,CH3,0.00034244666115335385,5.148685550440675e-06
eq_FeedA_T3-800,equilibrium,stage1_out,C(s),2901.632127623428,34.85150348488499
eq_FeedA_T3-800,equilibrium,stage2_feed,H2,7053.281028408566,14.21941455327167
eq_FeedA_T3-800,equilibrium,stage2_feed,CO2,954.3502465404804,42.0
eq_FeedA_T3-800,equilibrium,stage2_feed,CH4,90.30897372444424,1.4488268654612588
eq_FeedA_T3-800,equilibrium,stage2_out,H2,5683.85588357449,11.458653461286172
eq_FeedA_T3-800,equilibrium,stage2_out,H2O,974.1904695478596,17.550041308904692
eq_FeedA_T3-800,equilibrium,stage2_out,CO,578.9535359728807,16.216488542600384
eq_FeedA_T3-800,equilibrium,stage2_out,CH4,287.92340842203356,4.619155241314685
eq_FeedA_T3-800,equilibrium,stage2_out,CO2,177.7781112533754,7.823836898149799
eq_FeedA_T3-800,equilibrium,stage2_out,C2H6,0.0016209663172597707,4.8742457160001304e-05
eq_FeedA_T3-800,equilibrium,stage2_out,C2H4,0.00032620389182777944,9.151323981336524e-06
eq_FeedA_T3-800,equilibrium,stage2_out,CH2O,0.000245857413027796,7.382114683572602e-06
eq_FeedA_T3-800,equilibrium,stage2_out,CH3OH,1.7695470572064038e-05,5.669982680700759e-07
eq_FeedA_T3-800,equilibrium,stage2_out,H,3.681187618488343e-06,3.71063711943625e-09
eq_FeedA_T3-800,equilibrium,stage2_out,CH3,3.108106395973513e-06,4.673037966346177e-08
eq_FeedA_T3-800,equilibrium,recovered_water,H2O,925.4809460704665,16.672539243459454
eq_FeedA_T3-800,equilibrium,membrane_permeate,H2,3694.5063243234185,7.448124749836012
eq_FeedA_T3-800,equilibrium,cfr_feed,H2,1989.3495592510712,4.01052871145016
eq_FeedA_T3-800,equilibrium,cfr_feed,CO,578.9535359728807,16.216488542600384
eq_FeedA_T3-800,equilibrium,cfr_feed,CH4,287.92340842203356,4.619155241314685
eq_FeedA_T3-800,equilibrium,cfr_feed,CO2,177.7781112533754,7.823836898149799
eq_FeedA_T3-800,equilibrium,cfr_feed,H2O,48.70952347739308,0.8775020654452363
eq_FeedA_T3-800,equilibrium,cfr_feed,C2H6,0.0016209663172597707,4.8742457160001304e-05
eq_FeedA_T3-800,equilibrium,cfr_feed,C2H4,0.00032620389182777944,9.151323981336524e-06
eq_FeedA_T3-800,equilibrium,cfr_feed,CH2O,0.000245857413027796,7.382114683572602e-06
eq_FeedA_T3-800,equilibrium,cfr_feed,CH3OH,1.7695470572064038e-05,5.669982680700759e-07
eq_FeedA_T3-800,equilibrium,cfr_feed,H,3.681187618488343e-06,3.71063711943625e-09
eq_FeedA_T3-800,equilibrium,cfr_feed,CH3,3.108106395973513e-06,4.673037966346177e-08
eq_FeedA_T3-800,equilibrium,stage3_out,H2,954.7696274641098,1.9248155689676456
eq_FeedA_T3-800,equilibrium,stage3_out,H2O,596.6840970285658,10.749264007969614
eq_FeedA_T3-800,equilibrium,stage3_out,CH4,531.2200313877313,8.522362963553373
eq_FeedA_T3-800,equilibrium,stage3_out,CO2,162.46460438483055,7.149904774372008
eq_FeedA_T3-800,equilibrium,stage3_out,CO,61.60621716216211,1.7255901427121605
eq_FeedA_T3-800,equilibrium,stage3_out,C2H6,0.005914217521977201,0.00017784052088585446
eq_FeedA_T3-800,equilibrium,stage3_out,C2H4,7.13927210006622e-05,2.0028513949525775e-06
eq_FeedA_T3-800,equilibrium,stage3_out,CH2O,1.662737479043606e-05,4.992535554576332e-07
eq_FeedA_T3-800,equilibrium,stage3_out,CH3OH,7.016631157908502e-06,2.2482689556170423e-07
eq_FeedA_T3-800,equilibrium,stage3_out,C(s),289.3563706796241,3.4754593682329644
