case,config,y_CH4_biogas,h_H2_to_CFR,CO2_carbon_fixed_fraction,C_total_tpd,heat_recovery_fraction,boundary,power_source,aux_power_kW,H2_exportable_tpd,H2_burned_for_heat_tpd,H2_after_heat_tpd,H2_for_auxiliaries_tpd,H2_net_final_tpd,self_sufficient,heat_recovery_required_for_zero_net,grid_cost_usd_y_at_0p06,grid_cost_usd_y_at_0p04,grid_cost_usd_y_at_0p08
2b_y0.55 eq recycle h=0.35,2b_y0.55,0.55,0.35,0.8383980770666224,60.51831163276578,0.0,excl. upgrading (submitted boundary),H2 engine 0.40,2445.0676868376177,3.80683372648612,3.8857055037748873,-0.07887177728876749,4.402882989503512,-4.48175476679228,False,1.3689073466370103,1161896.164785236,774597.4431901573,1549194.8863803146
2b_y0.55 eq recycle h=0.35,2b_y0.55,0.55,0.35,0.8383980770666224,60.51831163276578,0.0,excl. upgrading (submitted boundary),fuel cell 0.50,2445.0676868376177,3.80683372648612,3.8857055037748873,-0.07887177728876749,3.5223063916028106,-3.601178168891578,False,1.099943997041322,1161896.164785236,774597.4431901573,1549194.8863803146
2b_y0.55 eq recycle h=0.35,2b_y0.55,0.55,0.35,0.8383980770666224,60.51831163276578,0.0,incl. upgrading (base 0.25 kWh/Nm3),H2 engine 0.40,3715.176995343735,3.80683372648612,3.8857055037748873,-0.07887177728876749,6.689994589454503,-6.768866366743271,False,2.067482800820657,1765452.1081873428,1176968.0721248952,2353936.1442497903
2b_y0.55 eq recycle h=0.35,2b_y0.55,0.55,0.35,0.8383980770666224,60.51831163276578,0.0,incl. upgrading (base 0.25 kWh/Nm3),fuel cell 0.50,3715.176995343735,3.80683372648612,3.8857055037748873,-0.07887177728876749,5.3519956715636035,-5.430867448852371,False,1.658804360388239,1765452.1081873428,1176968.0721248952,2353936.1442497903
2b_y0.55 eq recycle h=0.35,2b_y0.55,0.55,0.35,0.8383980770666224,60.51831163276578,0.0,incl. upgrading (high 0.45),H2 engine 0.40,4731.264442148629,3.80683372648612,3.8857055037748873,-0.07887177728876749,8.519683869415298,-8.598555646704066,False,2.626343164167574,2248296.862909029,1498864.5752726858,2997729.1505453717
2b_y0.55 eq recycle h=0.35,2b_y0.55,0.55,0.35,0.8383980770666224,60.51831163276578,0.0,incl. upgrading (high 0.45),fuel cell 0.50,4731.264442148629,3.80683372648612,3.8857055037748873,-0.07887177728876749,6.815747095532239,-6.894618872821006,False,2.105892651065773,2248296.862909029,1498864.5752726858,2997729.1505453717
2b_y0.55 eq recycle h=0.35,2b_y0.55,0.55,0.35,0.8383980770666224,60.51831163276578,0.25,excl. upgrading (submitted boundary),H2 engine 0.40,2445.0676868376177,3.80683372648612,3.0672142490886967,0.7396194773974232,4.402882989503512,-3.663263512106089,False,1.3689073466370103,1161896.164785236,774597.4431901573,1549194.8863803146
2b_y0.55 eq recycle h=0.35,2b_y0.55,0.55,0.35,0.8383980770666224,60.51831163276578,0.25,excl. upgrading (submitted boundary),fuel cell 0.50,2445.0676868376177,3.80683372648612,3.0672142490886967,0.7396194773974232,3.5223063916028106,-2.7826869142053874,False,1.099943997041322,1161896.164785236,774597.4431901573,1549194.8863803146
2b_y0.55 eq recycle h=0.35,2b_y0.55,0.55,0.35,0.8383980770666224,60.51831163276578,0.25,incl. upgrading (base 0.25 kWh/Nm3),H2 engine 0.40,3715.176995343735,3.80683372648612,3.0672142490886967,0.7396194773974232,6.689994589454503,-5.95037511205708,False,2.067482800820657,1765452.1081873428,1176968.0721248952,2353936.1442497903
2b_y0.55 eq recycle h=0.35,2b_y0.55,0.55,0.35,0.8383980770666224,60.51831163276578,0.25,incl. upgrading (base 0.25 kWh/Nm3),fuel cell 0.50,3715.176995343735,3.80683372648612,3.0672142490886967,0.7396194773974232,5.3519956715636035,-4.61237619416618,False,1.658804360388239,1765452.1081873428,1176968.0721248952,2353936.1442497903
2b_y0.55 eq recycle h=0.35,2b_y0.55,0.55,0.35,0.8383980770666224,60.51831163276578,0.25,incl. upgrading (high 0.45),H2 engine 0.40,4731.264442148629,3.80683372648612,3.0672142490886967,0.7396194773974232,8.519683869415298,-7.7800643920178745,False,2.626343164167574,2248296.862909029,1498864.5752726858,2997729.1505453717
2b_y0.55 eq recycle h=0.35,2b_y0.55,0.55,0.35,0.8383980770666224,60.51831163276578,0.25,incl. upgrading (high 0.45),fuel cell 0.50,4731.264442148629,3.80683372648612,3.0672142490886967,0.7396194773974232,6.815747095532239,-6.076127618134816,False,2.105892651065773,2248296.862909029,1498864.5752726858,2997729.1505453717
2b_y0.55 eq recycle h=0.35,2b_y0.55,0.55,0.35,0.8383980770666224,60.51831163276578,0.5,excl. upgrading (submitted boundary),H2 engine 0.40,2445.0676868376177,3.80683372648612,2.2487229944025064,1.5581107320836134,4.402882989503512,-2.8447722574198986,False,1.3689073466370103,1161896.164785236,774597.4431901573,1549194.8863803146
2b_y0.55 eq recycle h=0.35,2b_y0.55,0.55,0.35,0.8383980770666224,60.51831163276578,0.5,excl. upgrading (submitted boundary),fuel cell 0.50,2445.0676868376177,3.80683372648612,2.2487229944025064,1.5581107320836134,3.5223063916028106,-1.9641956595191972,False,1.099943997041322,1161896.164785236,774597.4431901573,1549194.8863803146
2b_y0.55 eq recycle h=0.35,2b_y0.55,0.55,0.35,0.8383980770666224,60.51831163276578,0.5,incl. upgrading (base 0.25 kWh/Nm3),H2 engine 0.40,3715.176995343735,3.80683372648612,2.2487229944025064,1.5581107320836134,6.689994589454503,-5.13188385737089,False,2.067482800820657,1765452.1081873428,1176968.0721248952,2353936.1442497903
2b_y0.55 eq recycle h=0.35,2b_y0.55,0.55,0.35,0.8383980770666224,60.51831163276578,0.5,incl. upgrading (base 0.25 kWh/Nm3),fuel cell 0.50,3715.176995343735,3.80683372648612,2.2487229944025064,1.5581107320836134,5.3519956715636035,-3.79388493947999,False,1.658804360388239,1765452.1081873428,1176968.0721248952,2353936.1442497903
2b_y0.55 eq recycle h=0.35,2b_y0.55,0.55,0.35,0.8383980770666224,60.51831163276578,0.5,incl. upgrading (high 0.45),H2 engine 0.40,4731.264442148629,3.80683372648612,2.2487229944025064,1.5581107320836134,8.519683869415298,-6.961573137331684,False,2.626343164167574,2248296.862909029,1498864.5752726858,2997729.1505453717
2b_y0.55 eq recycle h=0.35,2b_y0.55,0.55,0.35,0.8383980770666224,60.51831163276578,0.5,incl. upgrading (high 0.45),fuel cell 0.50,4731.264442148629,3.80683372648612,2.2487229944025064,1.5581107320836134,6.815747095532239,-5.257636363448626,False,2.105892651065773,2248296.862909029,1498864.5752726858,2997729.1505453717
2b_y0.55 eq recycle h=0.5,2b_y0.55,0.55,0.5,0.883728046473538,61.88607401501757,0.0,excl. upgrading (submitted boundary),H2 engine 0.40,1863.2277161371342,3.347766374270134,3.7961637255393046,-0.4483973512691706,3.355151949826772,-3.8035493010959427,False,1.159144374630022,885405.8107083661,590270.5404722441,1180541.0809444883
2b_y0.55 eq recycle h=0.5,2b_y0.55,0.55,0.5,0.883728046473538,61.88607401501757,0.0,excl. upgrading (submitted boundary),fuel cell 0.50,1863.2277161371342,3.347766374270134,3.7961637255393046,-0.4483973512691706,2.684121559861418,-3.1325189111305884,False,0.9546456182947193,885405.8107083661,590270.5404722441,1180541.0809444883
2b_y0.55 eq recycle h=0.5,2b_y0.55,0.55,0.5,0.883728046473538,61.88607401501757,0.0,incl. upgrading (base 0.25 kWh/Nm3),H2 engine 0.40,3133.3370246432514,3.347766374270134,3.7961637255393046,-0.4483973512691706,5.642263549777763,-6.090660901046933,False,1.8561492864555067,1488961.754110473,992641.1694069821,1985282.3388139643
2b_y0.55 eq recycle h=0.5,2b_y0.55,0.55,0.5,0.883728046473538,61.88607401501757,0.0,incl. upgrading (base 0.25 kWh/Nm3),fuel cell 0.50,3133.3370246432514,3.347766374270134,3.7961637255393046,-0.4483973512691706,4.513810839822211,-4.962208191091381,False,1.512249547755107,1488961.754110473,992641.1694069821,1985282.3388139643
2b_y0.55 eq recycle h=0.5,2b_y0.55,0.55,0.5,0.883728046473538,61.88607401501757,0.0,incl. upgrading (high 0.45),H2 engine 0.40,4149.424471448146,3.347766374270134,3.7961637255393046,-0.4483973512691706,7.471952829738556,-7.920350181007727,False,2.4137532159158943,1971806.5088321588,1314537.6725547726,2629075.345109545
2b_y0.55 eq recycle h=0.5,2b_y0.55,0.55,0.5,0.883728046473538,61.88607401501757,0.0,incl. upgrading (high 0.45),fuel cell 0.50,4149.424471448146,3.347766374270134,3.7961637255393046,-0.4483973512691706,5.977562263790846,-6.425959615060016,False,1.9583326913234176,1971806.5088321588,1314537.6725547726,2629075.345109545
2b_y0.55 eq recycle h=0.5,2b_y0.55,0.55,0.5,0.883728046473538,61.88607401501757,0.25,excl. upgrading (submitted boundary),H2 engine 0.40,1863.2277161371342,3.347766374270134,2.9758281865970635,0.3719381876730705,3.355151949826772,-2.9832137621537016,False,1.159144374630022,885405.8107083661,590270.5404722441,1180541.0809444883
2b_y0.55 eq recycle h=0.5,2b_y0.55,0.55,0.5,0.883728046473538,61.88607401501757,0.25,excl. upgrading (submitted boundary),fuel cell 0.50,1863.2277161371342,3.347766374270134,2.9758281865970635,0.3719381876730705,2.684121559861418,-2.3121833721883474,False,0.9546456182947193,885405.8107083661,590270.5404722441,1180541.0809444883
2b_y0.55 eq recycle h=0.5,2b_y0.55,0.55,0.5,0.883728046473538,61.88607401501757,0.25,incl. upgrading (base 0.25 kWh/Nm3),H2 engine 0.40,3133.3370246432514,3.347766374270134,2.9758281865970635,0.3719381876730705,5.642263549777763,-5.270325362104693,False,1.8561492864555067,1488961.754110473,992641.1694069821,1985282.3388139643
2b_y0.55 eq recycle h=0.5,2b_y0.55,0.55,0.5,0.883728046473538,61.88607401501757,0.25,incl. upgrading (base 0.25 kWh/Nm3),fuel cell 0.50,3133.3370246432514,3.347766374270134,2.9758281865970635,0.3719381876730705,4.513810839822211,-4.141872652149141,False,1.512249547755107,1488961.754110473,992641.1694069821,1985282.3388139643
2b_y0.55 eq recycle h=0.5,2b_y0.55,0.55,0.5,0.883728046473538,61.88607401501757,0.25,incl. upgrading (high 0.45),H2 engine 0.40,4149.424471448146,3.347766374270134,2.9758281865970635,0.3719381876730705,7.471952829738556,-7.100014642065485,False,2.4137532159158943,1971806.5088321588,1314537.6725547726,2629075.345109545
2b_y0.55 eq recycle h=0.5,2b_y0.55,0.55,0.5,0.883728046473538,61.88607401501757,0.25,incl. upgrading (high 0.45),fuel cell 0.50,4149.424471448146,3.347766374270134,2.9758281865970635,0.3719381876730705,5.977562263790846,-5.605624076117776,False,1.9583326913234176,1971806.5088321588,1314537.6725547726,2629075.345109545
2b_y0.55 eq recycle h=0.5,2b_y0.55,0.55,0.5,0.883728046473538,61.88607401501757,0.5,excl. upgrading (submitted boundary),H2 engine 0.40,1863.2277161371342,3.347766374270134,2.1554926476548233,1.1922737266153107,3.355151949826772,-2.1628782232114614,False,1.159144374630022,885405.8107083661,590270.5404722441,1180541.0809444883
2b_y0.55 eq recycle h=0.5,2b_y0.55,0.55,0.5,0.883728046473538,61.88607401501757,0.5,excl. upgrading (submitted boundary),fuel cell 0.50,1863.2277161371342,3.347766374270134,2.1554926476548233,1.1922737266153107,2.684121559861418,-1.4918478332461071,False,0.9546456182947193,885405.8107083661,590270.5404722441,1180541.0809444883
2b_y0.55 eq recycle h=0.5,2b_y0.55,0.55,0.5,0.883728046473538,61.88607401501757,0.5,incl. upgrading (base 0.25 kWh/Nm3),H2 engine 0.40,3133.3370246432514,3.347766374270134,2.1554926476548233,1.1922737266153107,5.642263549777763,-4.449989823162452,False,1.8561492864555067,1488961.754110473,992641.1694069821,1985282.3388139643
2b_y0.55 eq recycle h=0.5,2b_y0.55,0.55,0.5,0.883728046473538,61.88607401501757,0.5,incl. upgrading (base 0.25 kWh/Nm3),fuel cell 0.50,3133.3370246432514,3.347766374270134,2.1554926476548233,1.1922737266153107,4.513810839822211,-3.3215371132069005,False,1.512249547755107,1488961.754110473,992641.1694069821,1985282.3388139643
2b_y0.55 eq recycle h=0.5,2b_y0.55,0.55,0.5,0.883728046473538,61.88607401501757,0.5,incl. upgrading (high 0.45),H2 engine 0.40,4149.424471448146,3.347766374270134,2.1554926476548233,1.1922737266153107,7.471952829738556,-6.279679103123245,False,2.4137532159158943,1971806.5088321588,1314537.6725547726,2629075.345109545
2b_y0.55 eq recycle h=0.5,2b_y0.55,0.55,0.5,0.883728046473538,61.88607401501757,0.5,incl. upgrading (high 0.45),fuel cell 0.50,4149.424471448146,3.347766374270134,2.1554926476548233,1.1922737266153107,5.977562263790846,-4.785288537175536,False,1.9583326913234176,1971806.5088321588,1314537.6725547726,2629075.345109545
2b_y0.55 eq recycle h=0.75,2b_y0.55,0.55,0.75,0.9625301138167857,64.23430197116903,0.0,excl. upgrading (submitted boundary),H2 engine 0.40,1010.2344032510924,2.550625060225989,3.8270587591041427,-1.276433698878154,1.8191495856862407,-3.0955832845643947,False,0.8966272207441968,480063.3884249191,320042.2589499461,640084.5178998922
2b_y0.55 eq recycle h=0.75,2b_y0.55,0.55,0.75,0.9625301138167857,64.23430197116903,0.0,excl. upgrading (submitted boundary),fuel cell 0.50,1010.2344032510924,2.550625060225989,3.8270587591041427,-1.276433698878154,1.4553196685489926,-2.731753367427147,False,0.7912448816377019,480063.3884249191,320042.2589499461,640084.5178998922
2b_y0.55 eq recycle h=0.75,2b_y0.55,0.55,0.75,0.9625301138167857,64.23430197116903,0.0,incl. upgrading (base 0.25 kWh/Nm3),H2 engine 0.40,2280.34371175721,2.550625060225989,3.8270587591041427,-1.276433698878154,4.106261185637233,-5.382694884515386,False,1.5590828321377825,1083619.331827026,722412.887884684,1444825.775769368
2b_y0.55 eq recycle h=0.75,2b_y0.55,0.55,0.75,0.9625301138167857,64.23430197116903,0.0,incl. upgrading (base 0.25 kWh/Nm3),fuel cell 0.50,2280.34371175721,2.550625060225989,3.8270587591041427,-1.276433698878154,3.2850089485097858,-4.56144264738794,False,1.3212093707525705,1083619.331827026,722412.887884684,1444825.775769368
2b_y0.55 eq recycle h=0.75,2b_y0.55,0.55,0.75,0.9625301138167857,64.23430197116903,0.0,incl. upgrading (high 0.45),H2 engine 0.40,3296.4311585621035,2.550625060225989,3.8270587591041427,-1.276433698878154,5.935950465598025,-7.212384164476179,False,2.089047321252651,1566464.0865487114,1044309.3910324743,2088618.7820649487
2b_y0.55 eq recycle h=0.75,2b_y0.55,0.55,0.75,0.9625301138167857,64.23430197116903,0.0,incl. upgrading (high 0.45),fuel cell 0.50,3296.4311585621035,2.550625060225989,3.8270587591041427,-1.276433698878154,4.74876037247842,-6.025194071356575,False,1.7451809620444656,1566464.0865487114,1044309.3910324743,2088618.7820649487
2b_y0.55 eq recycle h=0.75,2b_y0.55,0.55,0.75,0.9625301138167857,64.23430197116903,0.25,excl. upgrading (submitted boundary),H2 engine 0.40,1010.2344032510924,2.550625060225989,2.9639399475887305,-0.4133148873627417,1.8191495856862407,-2.2324644730489824,False,0.8966272207441968,480063.3884249191,320042.2589499461,640084.5178998922
2b_y0.55 eq recycle h=0.75,2b_y0.55,0.55,0.75,0.9625301138167857,64.23430197116903,0.25,excl. upgrading (submitted boundary),fuel cell 0.50,1010.2344032510924,2.550625060225989,2.9639399475887305,-0.4133148873627417,1.4553196685489926,-1.8686345559117343,False,0.7912448816377019,480063.3884249191,320042.2589499461,640084.5178998922
2b_y0.55 eq recycle h=0.75,2b_y0.55,0.55,0.75,0.9625301138167857,64.23430197116903,0.25,incl. upgrading (base 0.25 kWh/Nm3),H2 engine 0.40,2280.34371175721,2.550625060225989,2.9639399475887305,-0.4133148873627417,4.106261185637233,-4.519576072999975,False,1.5590828321377825,1083619.331827026,722412.887884684,1444825.775769368
2b_y0.55 eq recycle h=0.75,2b_y0.55,0.55,0.75,0.9625301138167857,64.23430197116903,0.25,incl. upgrading (base 0.25 kWh/Nm3),fuel cell 0.50,2280.34371175721,2.550625060225989,2.9639399475887305,-0.4133148873627417,3.2850089485097858,-3.6983238358725274,False,1.3212093707525705,1083619.331827026,722412.887884684,1444825.775769368
2b_y0.55 eq recycle h=0.75,2b_y0.55,0.55,0.75,0.9625301138167857,64.23430197116903,0.25,incl. upgrading (high 0.45),H2 engine 0.40,3296.4311585621035,2.550625060225989,2.9639399475887305,-0.4133148873627417,5.935950465598025,-6.349265352960767,False,2.089047321252651,1566464.0865487114,1044309.3910324743,2088618.7820649487
2b_y0.55 eq recycle h=0.75,2b_y0.55,0.55,0.75,0.9625301138167857,64.23430197116903,0.25,incl. upgrading (high 0.45),fuel cell 0.50,3296.4311585621035,2.550625060225989,2.9639399475887305,-0.4133148873627417,4.74876037247842,-5.162075259841162,False,1.7451809620444656,1566464.0865487114,1044309.3910324743,2088618.7820649487
2b_y0.55 eq recycle h=0.75,2b_y0.55,0.55,0.75,0.9625301138167857,64.23430197116903,0.5,excl. upgrading (submitted boundary),H2 engine 0.40,1010.2344032510924,2.550625060225989,2.100821136073318,0.44980392415267056,1.8191495856862407,-1.3693456615335702,False,0.8966272207441968,480063.3884249191,320042.2589499461,640084.5178998922
2b_y0.55 eq recycle h=0.75,2b_y0.55,0.55,0.75,0.9625301138167857,64.23430197116903,0.5,excl. upgrading (submitted boundary),fuel cell 0.50,1010.2344032510924,2.550625060225989,2.100821136073318,0.44980392415267056,1.4553196685489926,-1.005515744396322,False,0.7912448816377019,480063.3884249191,320042.2589499461,640084.5178998922
2b_y0.55 eq recycle h=0.75,2b_y0.55,0.55,0.75,0.9625301138167857,64.23430197116903,0.5,incl. upgrading (base 0.25 kWh/Nm3),H2 engine 0.40,2280.34371175721,2.550625060225989,2.100821136073318,0.44980392415267056,4.106261185637233,-3.656457261484562,False,1.5590828321377825,1083619.331827026,722412.887884684,1444825.775769368
2b_y0.55 eq recycle h=0.75,2b_y0.55,0.55,0.75,0.9625301138167857,64.23430197116903,0.5,incl. upgrading (base 0.25 kWh/Nm3),fuel cell 0.50,2280.34371175721,2.550625060225989,2.100821136073318,0.44980392415267056,3.2850089485097858,-2.835205024357115,False,1.3212093707525705,1083619.331827026,722412.887884684,1444825.775769368
2b_y0.55 eq recycle h=0.75,2b_y0.55,0.55,0.75,0.9625301138167857,64.23430197116903,0.5,incl. upgrading (high 0.45),H2 engine 0.40,3296.4311585621035,2.550625060225989,2.100821136073318,0.44980392415267056,5.935950465598025,-5.486146541445354,False,2.089047321252651,1566464.0865487114,1044309.3910324743,2088618.7820649487
2b_y0.55 eq recycle h=0.75,2b_y0.55,0.55,0.75,0.9625301138167857,64.23430197116903,0.5,incl. upgrading (high 0.45),fuel cell 0.50,3296.4311585621035,2.550625060225989,2.100821136073318,0.44980392415267056,4.74876037247842,-4.29895644832575,False,1.7451809620444656,1566464.0865487114,1044309.3910324743,2088618.7820649487
2b_y0.60 eq recycle h=0.35,2b_y0.60,0.6,0.35,0.9032413253041728,57.5550234782261,0.0,excl. upgrading (submitted boundary),H2 engine 0.40,1392.8493164669785,4.802755435542439,3.5777545680851266,1.2250008674573123,2.508132022449541,-1.2831311549922289,False,0.47359784115678144,661881.9951851082,441254.6634567388,882509.3269134776
2b_y0.60 eq recycle h=0.35,2b_y0.60,0.6,0.35,0.9032413253041728,57.5550234782261,0.0,excl. upgrading (submitted boundary),fuel cell 0.50,1392.8493164669785,4.802755435542439,3.5777545680851266,1.2250008674573123,2.006505617959633,-0.7815047505023207,False,0.28844982935038294,661881.9951851082,441254.6634567388,882509.3269134776
2b_y0.60 eq recycle h=0.35,2b_y0.60,0.6,0.35,0.9032413253041728,57.5550234782261,0.0,incl. upgrading (base 0.25 kWh/Nm3),H2 engine 0.40,2557.116182597586,4.802755435542439,3.5777545680851266,1.2250008674573123,4.604650989071283,-3.3796501216139707,False,1.2474134037150117,1215141.6099703729,810094.4066469152,1620188.8132938305
2b_y0.60 eq recycle h=0.35,2b_y0.60,0.6,0.35,0.9032413253041728,57.5550234782261,0.0,incl. upgrading (base 0.25 kWh/Nm3),fuel cell 0.50,2557.116182597586,4.802755435542439,3.5777545680851266,1.2250008674573123,3.6837207912570267,-2.4587199237997144,False,0.9075022793969673,1215141.6099703729,810094.4066469152,1620188.8132938305
2b_y0.60 eq recycle h=0.35,2b_y0.60,0.6,0.35,0.9032413253041728,57.5550234782261,0.0,incl. upgrading (high 0.45),H2 engine 0.40,3488.529675502072,4.802755435542439,3.5777545680851266,1.2250008674573123,6.281866162368678,-5.056865294911365,False,1.8664658537615963,1657749.3017985846,1105166.2011990566,2210332.402398113
2b_y0.60 eq recycle h=0.35,2b_y0.60,0.6,0.35,0.9032413253041728,57.5550234782261,0.0,incl. upgrading (high 0.45),fuel cell 0.50,3488.529675502072,4.802755435542439,3.5777545680851266,1.2250008674573123,5.025492929894942,-3.80049206243763,False,1.4027442394342349,1657749.3017985846,1105166.2011990566,2210332.402398113
2b_y0.60 eq recycle h=0.35,2b_y0.60,0.6,0.35,0.9032413253041728,57.5550234782261,0.25,excl. upgrading (submitted boundary),H2 engine 0.40,1392.8493164669785,4.802755435542439,2.900422957019222,1.902332478523217,2.508132022449541,-0.6057995439263242,False,0.47359784115678144,661881.9951851082,441254.6634567388,882509.3269134776
2b_y0.60 eq recycle h=0.35,2b_y0.60,0.6,0.35,0.9032413253041728,57.5550234782261,0.25,excl. upgrading (submitted boundary),fuel cell 0.50,1392.8493164669785,4.802755435542439,2.900422957019222,1.902332478523217,2.006505617959633,-0.10417313943641604,False,0.28844982935038294,661881.9951851082,441254.6634567388,882509.3269134776
2b_y0.60 eq recycle h=0.35,2b_y0.60,0.6,0.35,0.9032413253041728,57.5550234782261,0.25,incl. upgrading (base 0.25 kWh/Nm3),H2 engine 0.40,2557.116182597586,4.802755435542439,2.900422957019222,1.902332478523217,4.604650989071283,-2.702318510548066,False,1.2474134037150117,1215141.6099703729,810094.4066469152,1620188.8132938305
2b_y0.60 eq recycle h=0.35,2b_y0.60,0.6,0.35,0.9032413253041728,57.5550234782261,0.25,incl. upgrading (base 0.25 kWh/Nm3),fuel cell 0.50,2557.116182597586,4.802755435542439,2.900422957019222,1.902332478523217,3.6837207912570267,-1.7813883127338097,False,0.9075022793969673,1215141.6099703729,810094.4066469152,1620188.8132938305
2b_y0.60 eq recycle h=0.35,2b_y0.60,0.6,0.35,0.9032413253041728,57.5550234782261,0.25,incl. upgrading (high 0.45),H2 engine 0.40,3488.529675502072,4.802755435542439,2.900422957019222,1.902332478523217,6.281866162368678,-4.379533683845461,False,1.8664658537615963,1657749.3017985846,1105166.2011990566,2210332.402398113
2b_y0.60 eq recycle h=0.35,2b_y0.60,0.6,0.35,0.9032413253041728,57.5550234782261,0.25,incl. upgrading (high 0.45),fuel cell 0.50,3488.529675502072,4.802755435542439,2.900422957019222,1.902332478523217,5.025492929894942,-3.1231604513717253,False,1.4027442394342349,1657749.3017985846,1105166.2011990566,2210332.402398113
2b_y0.60 eq recycle h=0.35,2b_y0.60,0.6,0.35,0.9032413253041728,57.5550234782261,0.5,excl. upgrading (submitted boundary),H2 engine 0.40,1392.8493164669785,4.802755435542439,2.2230913459533173,2.5796640895891216,2.508132022449541,0.07153206713958049,True,0.47359784115678144,661881.9951851082,441254.6634567388,882509.3269134776
2b_y0.60 eq recycle h=0.35,2b_y0.60,0.6,0.35,0.9032413253041728,57.5550234782261,0.5,excl. upgrading (submitted boundary),fuel cell 0.50,1392.8493164669785,4.802755435542439,2.2230913459533173,2.5796640895891216,2.006505617959633,0.5731584716294886,True,0.28844982935038294,661881.9951851082,441254.6634567388,882509.3269134776
2b_y0.60 eq recycle h=0.35,2b_y0.60,0.6,0.35,0.9032413253041728,57.5550234782261,0.5,incl. upgrading (base 0.25 kWh/Nm3),H2 engine 0.40,2557.116182597586,4.802755435542439,2.2230913459533173,2.5796640895891216,4.604650989071283,-2.0249868994821614,False,1.2474134037150117,1215141.6099703729,810094.4066469152,1620188.8132938305
2b_y0.60 eq recycle h=0.35,2b_y0.60,0.6,0.35,0.9032413253041728,57.5550234782261,0.5,incl. upgrading (base 0.25 kWh/Nm3),fuel cell 0.50,2557.116182597586,4.802755435542439,2.2230913459533173,2.5796640895891216,3.6837207912570267,-1.104056701667905,False,0.9075022793969673,1215141.6099703729,810094.4066469152,1620188.8132938305
2b_y0.60 eq recycle h=0.35,2b_y0.60,0.6,0.35,0.9032413253041728,57.5550234782261,0.5,incl. upgrading (high 0.45),H2 engine 0.40,3488.529675502072,4.802755435542439,2.2230913459533173,2.5796640895891216,6.281866162368678,-3.702202072779556,False,1.8664658537615963,1657749.3017985846,1105166.2011990566,2210332.402398113
2b_y0.60 eq recycle h=0.35,2b_y0.60,0.6,0.35,0.9032413253041728,57.5550234782261,0.5,incl. upgrading (high 0.45),fuel cell 0.50,3488.529675502072,4.802755435542439,2.2230913459533173,2.5796640895891216,5.025492929894942,-2.4458288403058206,False,1.4027442394342349,1657749.3017985846,1105166.2011990566,2210332.402398113
2b_y0.60 eq recycle h=0.5,2b_y0.60,0.6,0.5,0.9481214692784142,58.648211192612344,0.0,excl. upgrading (submitted boundary),H2 engine 0.40,980.4767351623339,4.432782518821553,3.4891384127150395,0.9436441061065137,1.7655643490318134,-0.8219202429252996,False,0.3058932942230947,465922.54454914096,310615.02969942737,621230.0593988547
2b_y0.60 eq recycle h=0.5,2b_y0.60,0.6,0.5,0.9481214692784142,58.648211192612344,0.0,excl. upgrading (submitted boundary),fuel cell 0.50,980.4767351623339,4.432782518821553,3.4891384127150395,0.9436441061065137,1.4124514792254508,-0.46880737311893705,False,0.1744756050891673,465922.54454914096,310615.02969942737,621230.0593988547
2b_y0.60 eq recycle h=0.5,2b_y0.60,0.6,0.5,0.9481214692784142,58.648211192612344,0.0,incl. upgrading (base 0.25 kWh/Nm3),H2 engine 0.40,2144.7436012929415,4.432782518821553,3.4891384127150395,0.9436441061065137,3.862083315653556,-2.918439209547042,False,1.0861528128579314,1019182.1593344059,679454.772889604,1358909.545779208
2b_y0.60 eq recycle h=0.5,2b_y0.60,0.6,0.5,0.9481214692784142,58.648211192612344,0.0,incl. upgrading (base 0.25 kWh/Nm3),fuel cell 0.50,2144.7436012929415,4.432782518821553,3.4891384127150395,0.9436441061065137,3.0896666525228453,-2.1460225464163316,False,0.7986832199970371,1019182.1593344059,679454.772889604,1358909.545779208
2b_y0.60 eq recycle h=0.5,2b_y0.60,0.6,0.5,0.9481214692784142,58.648211192612344,0.0,incl. upgrading (high 0.45),H2 engine 0.40,3076.157094197428,4.432782518821553,3.4891384127150395,0.9436441061065137,5.53929848895095,-4.595654382844436,False,1.7103604277658007,1461789.8511626176,974526.5674417451,1949053.1348834902
2b_y0.60 eq recycle h=0.5,2b_y0.60,0.6,0.5,0.9481214692784142,58.648211192612344,0.0,incl. upgrading (high 0.45),fuel cell 0.50,3076.157094197428,4.432782518821553,3.4891384127150395,0.9436441061065137,4.43143879116076,-3.4877946850542463,False,1.2980493119233323,1461789.8511626176,974526.5674417451,1949053.1348834902
2b_y0.60 eq recycle h=0.5,2b_y0.60,0.6,0.5,0.9481214692784142,58.648211192612344,0.25,excl. upgrading (submitted boundary),H2 engine 0.40,980.4767351623339,4.432782518821553,2.8174007034814927,1.6153818153400605,1.7655643490318134,-0.15018253369175283,False,0.3058932942230947,465922.54454914096,310615.02969942737,621230.0593988547
2b_y0.60 eq recycle h=0.5,2b_y0.60,0.6,0.5,0.9481214692784142,58.648211192612344,0.25,excl. upgrading (submitted boundary),fuel cell 0.50,980.4767351623339,4.432782518821553,2.8174007034814927,1.6153818153400605,1.4124514792254508,0.20293033611460976,True,0.1744756050891673,465922.54454914096,310615.02969942737,621230.0593988547
2b_y0.60 eq recycle h=0.5,2b_y0.60,0.6,0.5,0.9481214692784142,58.648211192612344,0.25,incl. upgrading (base 0.25 kWh/Nm3),H2 engine 0.40,2144.7436012929415,4.432782518821553,2.8174007034814927,1.6153818153400605,3.862083315653556,-2.2467015003134954,False,1.0861528128579314,1019182.1593344059,679454.772889604,1358909.545779208
2b_y0.60 eq recycle h=0.5,2b_y0.60,0.6,0.5,0.9481214692784142,58.648211192612344,0.25,incl. upgrading (base 0.25 kWh/Nm3),fuel cell 0.50,2144.7436012929415,4.432782518821553,2.8174007034814927,1.6153818153400605,3.0896666525228453,-1.4742848371827848,False,0.7986832199970371,1019182.1593344059,679454.772889604,1358909.545779208
2b_y0.60 eq recycle h=0.5,2b_y0.60,0.6,0.5,0.9481214692784142,58.648211192612344,0.25,incl. upgrading (high 0.45),H2 engine 0.40,3076.157094197428,4.432782518821553,2.8174007034814927,1.6153818153400605,5.53929848895095,-3.923916673610889,False,1.7103604277658007,1461789.8511626176,974526.5674417451,1949053.1348834902
2b_y0.60 eq recycle h=0.5,2b_y0.60,0.6,0.5,0.9481214692784142,58.648211192612344,0.25,incl. upgrading (high 0.45),fuel cell 0.50,3076.157094197428,4.432782518821553,2.8174007034814927,1.6153818153400605,4.43143879116076,-2.8160569758206995,False,1.2980493119233323,1461789.8511626176,974526.5674417451,1949053.1348834902
2b_y0.60 eq recycle h=0.5,2b_y0.60,0.6,0.5,0.9481214692784142,58.648211192612344,0.5,excl. upgrading (submitted boundary),H2 engine 0.40,980.4767351623339,4.432782518821553,2.1456629942479455,2.287119524573608,1.7655643490318134,0.5215551755417944,True,0.3058932942230947,465922.54454914096,310615.02969942737,621230.0593988547
2b_y0.60 eq recycle h=0.5,2b_y0.60,0.6,0.5,0.9481214692784142,58.648211192612344,0.5,excl. upgrading (submitted boundary),fuel cell 0.50,980.4767351623339,4.432782518821553,2.1456629942479455,2.287119524573608,1.4124514792254508,0.874668045348157,True,0.1744756050891673,465922.54454914096,310615.02969942737,621230.0593988547
2b_y0.60 eq recycle h=0.5,2b_y0.60,0.6,0.5,0.9481214692784142,58.648211192612344,0.5,incl. upgrading (base 0.25 kWh/Nm3),H2 engine 0.40,2144.7436012929415,4.432782518821553,2.1456629942479455,2.287119524573608,3.862083315653556,-1.574963791079948,False,1.0861528128579314,1019182.1593344059,679454.772889604,1358909.545779208
2b_y0.60 eq recycle h=0.5,2b_y0.60,0.6,0.5,0.9481214692784142,58.648211192612344,0.5,incl. upgrading (base 0.25 kWh/Nm3),fuel cell 0.50,2144.7436012929415,4.432782518821553,2.1456629942479455,2.287119524573608,3.0896666525228453,-0.8025471279492375,False,0.7986832199970371,1019182.1593344059,679454.772889604,1358909.545779208
2b_y0.60 eq recycle h=0.5,2b_y0.60,0.6,0.5,0.9481214692784142,58.648211192612344,0.5,incl. upgrading (high 0.45),H2 engine 0.40,3076.157094197428,4.432782518821553,2.1456629942479455,2.287119524573608,5.53929848895095,-3.2521789643773418,False,1.7103604277658007,1461789.8511626176,974526.5674417451,1949053.1348834902
2b_y0.60 eq recycle h=0.5,2b_y0.60,0.6,0.5,0.9481214692784142,58.648211192612344,0.5,incl. upgrading (high 0.45),fuel cell 0.50,3076.157094197428,4.432782518821553,2.1456629942479455,2.287119524573608,4.43143879116076,-2.144319266587152,False,1.2980493119233323,1461789.8511626176,974526.5674417451,1949053.1348834902
2b_y0.60 eq recycle h=0.75,2b_y0.60,0.6,0.75,0.98778901424521,59.59855245486989,0.0,excl. upgrading (submitted boundary),H2 engine 0.40,1115.6054154207584,4.079078578256059,4.451783602203734,-0.3727050239476748,2.0088933050793965,-2.3815983290270712,False,0.6559497139665831,530135.6934079444,353423.79560529627,706847.5912105925
2b_y0.60 eq recycle h=0.75,2b_y0.60,0.6,0.75,0.98778901424521,59.59855245486989,0.0,excl. upgrading (submitted boundary),fuel cell 0.50,1115.6054154207584,4.079078578256059,4.451783602203734,-0.3727050239476748,1.6071146440635173,-1.9798196680111921,False,0.5452901646382515,530135.6934079444,353423.79560529627,706847.5912105925
2b_y0.60 eq recycle h=0.75,2b_y0.60,0.6,0.75,0.98778901424521,59.59855245486989,0.0,incl. upgrading (base 0.25 kWh/Nm3),H2 engine 0.40,2279.872281551366,4.079078578256059,4.451783602203734,-0.3727050239476748,4.105412271701138,-4.478117295648813,False,1.2333816846393406,1083395.3081932089,722263.5387954727,1444527.0775909454
2b_y0.60 eq recycle h=0.75,2b_y0.60,0.6,0.75,0.98778901424521,59.59855245486989,0.0,incl. upgrading (base 0.25 kWh/Nm3),fuel cell 0.50,2279.872281551366,4.079078578256059,4.451783602203734,-0.3727050239476748,3.2843298173609115,-3.6570348413085862,False,1.0072357411764579,1083395.3081932089,722263.5387954727,1444527.0775909454
2b_y0.60 eq recycle h=0.75,2b_y0.60,0.6,0.75,0.98778901424521,59.59855245486989,0.0,incl. upgrading (high 0.45),H2 engine 0.40,3211.2857744558523,4.079078578256059,4.451783602203734,-0.3727050239476748,5.782627444998532,-6.155332468946207,False,1.6953272611775465,1526003.000021421,1017335.333347614,2034670.666695228
2b_y0.60 eq recycle h=0.75,2b_y0.60,0.6,0.75,0.98778901424521,59.59855245486989,0.0,incl. upgrading (high 0.45),fuel cell 0.50,3211.2857744558523,4.079078578256059,4.451783602203734,-0.3727050239476748,4.626101955998826,-4.998806979946501,False,1.3767922024070227,1526003.000021421,1017335.333347614,2034670.666695228
2b_y0.60 eq recycle h=0.75,2b_y0.60,0.6,0.75,0.98778901424521,59.59855245486989,0.25,excl. upgrading (submitted boundary),H2 engine 0.40,1115.6054154207584,4.079078578256059,3.5440927082534386,0.5349858700026204,2.0088933050793965,-1.473907435076776,False,0.6559497139665831,530135.6934079444,353423.79560529627,706847.5912105925
2b_y0.60 eq recycle h=0.75,2b_y0.60,0.6,0.75,0.98778901424521,59.59855245486989,0.25,excl. upgrading (submitted boundary),fuel cell 0.50,1115.6054154207584,4.079078578256059,3.5440927082534386,0.5349858700026204,1.6071146440635173,-1.072128774060897,False,0.5452901646382515,530135.6934079444,353423.79560529627,706847.5912105925
2b_y0.60 eq recycle h=0.75,2b_y0.60,0.6,0.75,0.98778901424521,59.59855245486989,0.25,incl. upgrading (base 0.25 kWh/Nm3),H2 engine 0.40,2279.872281551366,4.079078578256059,3.5440927082534386,0.5349858700026204,4.105412271701138,-3.570426401698518,False,1.2333816846393406,1083395.3081932089,722263.5387954727,1444527.0775909454
2b_y0.60 eq recycle h=0.75,2b_y0.60,0.6,0.75,0.98778901424521,59.59855245486989,0.25,incl. upgrading (base 0.25 kWh/Nm3),fuel cell 0.50,2279.872281551366,4.079078578256059,3.5440927082534386,0.5349858700026204,3.2843298173609115,-2.749343947358291,False,1.0072357411764579,1083395.3081932089,722263.5387954727,1444527.0775909454
2b_y0.60 eq recycle h=0.75,2b_y0.60,0.6,0.75,0.98778901424521,59.59855245486989,0.25,incl. upgrading (high 0.45),H2 engine 0.40,3211.2857744558523,4.079078578256059,3.5440927082534386,0.5349858700026204,5.782627444998532,-5.247641574995912,False,1.6953272611775465,1526003.000021421,1017335.333347614,2034670.666695228
2b_y0.60 eq recycle h=0.75,2b_y0.60,0.6,0.75,0.98778901424521,59.59855245486989,0.25,incl. upgrading (high 0.45),fuel cell 0.50,3211.2857744558523,4.079078578256059,3.5440927082534386,0.5349858700026204,4.626101955998826,-4.091116085996205,False,1.3767922024070227,1526003.000021421,1017335.333347614,2034670.666695228
2b_y0.60 eq recycle h=0.75,2b_y0.60,0.6,0.75,0.98778901424521,59.59855245486989,0.5,excl. upgrading (submitted boundary),H2 engine 0.40,1115.6054154207584,4.079078578256059,2.6364018143031442,1.4426767639529148,2.0088933050793965,-0.5662165411264817,False,0.6559497139665831,530135.6934079444,353423.79560529627,706847.5912105925
2b_y0.60 eq recycle h=0.75,2b_y0.60,0.6,0.75,0.98778901424521,59.59855245486989,0.5,excl. upgrading (submitted boundary),fuel cell 0.50,1115.6054154207584,4.079078578256059,2.6364018143031442,1.4426767639529148,1.6071146440635173,-0.16443788011060256,False,0.5452901646382515,530135.6934079444,353423.79560529627,706847.5912105925
2b_y0.60 eq recycle h=0.75,2b_y0.60,0.6,0.75,0.98778901424521,59.59855245486989,0.5,incl. upgrading (base 0.25 kWh/Nm3),H2 engine 0.40,2279.872281551366,4.079078578256059,2.6364018143031442,1.4426767639529148,4.105412271701138,-2.6627355077482235,False,1.2333816846393406,1083395.3081932089,722263.5387954727,1444527.0775909454
2b_y0.60 eq recycle h=0.75,2b_y0.60,0.6,0.75,0.98778901424521,59.59855245486989,0.5,incl. upgrading (base 0.25 kWh/Nm3),fuel cell 0.50,2279.872281551366,4.079078578256059,2.6364018143031442,1.4426767639529148,3.2843298173609115,-1.8416530534079967,False,1.0072357411764579,1083395.3081932089,722263.5387954727,1444527.0775909454
2b_y0.60 eq recycle h=0.75,2b_y0.60,0.6,0.75,0.98778901424521,59.59855245486989,0.5,incl. upgrading (high 0.45),H2 engine 0.40,3211.2857744558523,4.079078578256059,2.6364018143031442,1.4426767639529148,5.782627444998532,-4.339950681045617,False,1.6953272611775465,1526003.000021421,1017335.333347614,2034670.666695228
2b_y0.60 eq recycle h=0.75,2b_y0.60,0.6,0.75,0.98778901424521,59.59855245486989,0.5,incl. upgrading (high 0.45),fuel cell 0.50,3211.2857744558523,4.079078578256059,2.6364018143031442,1.4426767639529148,4.626101955998826,-3.1834251920459113,False,1.3767922024070227,1526003.000021421,1017335.333347614,2034670.666695228
2b_y0.65 eq recycle h=0.35,2b_y0.65,0.65,0.35,0.9533185628548845,54.38055927219059,0.0,excl. upgrading (submitted boundary),H2 engine 0.40,832.3889581147175,5.866818815716237,3.253003362833594,2.613815452882643,1.4988996844802835,1.1149157684023596,True,0.0,395551.2328961137,263700.8219307425,527401.643861485
2b_y0.65 eq recycle h=0.35,2b_y0.65,0.65,0.35,0.9533185628548845,54.38055927219059,0.0,excl. upgrading (submitted boundary),fuel cell 0.50,832.3889581147175,5.866818815716237,3.253003362833594,2.613815452882643,1.1991197475842268,1.4146957052984164,True,0.0,395551.2328961137,263700.8219307425,527401.643861485
2b_y0.65 eq recycle h=0.35,2b_y0.65,0.65,0.35,0.9533185628548845,54.38055927219059,0.0,incl. upgrading (base 0.25 kWh/Nm3),H2 engine 0.40,1907.0968345429706,5.866818815716237,3.253003362833594,2.613815452882643,3.4341479613618917,-0.8203325084792485,False,0.3889994327454783,906252.4157748196,604168.2771832132,1208336.5543664263
2b_y0.65 eq recycle h=0.35,2b_y0.65,0.65,0.35,0.9533185628548845,54.38055927219059,0.0,incl. upgrading (base 0.25 kWh/Nm3),fuel cell 0.50,1907.0968345429706,5.866818815716237,3.253003362833594,2.613815452882643,2.7473183690895135,-0.13350291620687038,False,0.06330671787055395,906252.4157748196,604168.2771832132,1208336.5543664263
2b_y0.65 eq recycle h=0.35,2b_y0.65,0.65,0.35,0.9533185628548845,54.38055927219059,0.0,incl. upgrading (high 0.45),H2 engine 0.40,2766.863135685573,5.866818815716237,3.253003362833594,2.613815452882643,4.982346582867178,-2.368531129984535,False,1.123150986314104,1314813.3620777843,876542.2413851896,1753084.4827703792
2b_y0.65 eq recycle h=0.35,2b_y0.65,0.65,0.35,0.9533185628548845,54.38055927219059,0.0,incl. upgrading (high 0.45),fuel cell 0.50,2766.863135685573,5.866818815716237,3.253003362833594,2.613815452882643,3.9858772662937425,-1.3720618134110993,False,0.6506279607254546,1314813.3620777843,876542.2413851896,1753084.4827703792
2b_y0.65 eq recycle h=0.35,2b_y0.65,0.65,0.35,0.9533185628548845,54.38055927219059,0.25,excl. upgrading (submitted boundary),H2 engine 0.40,832.3889581147175,5.866818815716237,2.7257966117276156,3.1410222039886215,1.4988996844802835,1.642122519508338,True,0.0,395551.2328961137,263700.8219307425,527401.643861485
2b_y0.65 eq recycle h=0.35,2b_y0.65,0.65,0.35,0.9533185628548845,54.38055927219059,0.25,excl. upgrading (submitted boundary),fuel cell 0.50,832.3889581147175,5.866818815716237,2.7257966117276156,3.1410222039886215,1.1991197475842268,1.9419024564043947,True,0.0,395551.2328961137,263700.8219307425,527401.643861485
2b_y0.65 eq recycle h=0.35,2b_y0.65,0.65,0.35,0.9533185628548845,54.38055927219059,0.25,incl. upgrading (base 0.25 kWh/Nm3),H2 engine 0.40,1907.0968345429706,5.866818815716237,2.7257966117276156,3.1410222039886215,3.4341479613618917,-0.2931257573732702,False,0.3889994327454783,906252.4157748196,604168.2771832132,1208336.5543664263
2b_y0.65 eq recycle h=0.35,2b_y0.65,0.65,0.35,0.9533185628548845,54.38055927219059,0.25,incl. upgrading (base 0.25 kWh/Nm3),fuel cell 0.50,1907.0968345429706,5.866818815716237,2.7257966117276156,3.1410222039886215,2.7473183690895135,0.393703834899108,True,0.06330671787055395,906252.4157748196,604168.2771832132,1208336.5543664263
2b_y0.65 eq recycle h=0.35,2b_y0.65,0.65,0.35,0.9533185628548845,54.38055927219059,0.25,incl. upgrading (high 0.45),H2 engine 0.40,2766.863135685573,5.866818815716237,2.7257966117276156,3.1410222039886215,4.982346582867178,-1.8413243788785567,False,1.123150986314104,1314813.3620777843,876542.2413851896,1753084.4827703792
2b_y0.65 eq recycle h=0.35,2b_y0.65,0.65,0.35,0.9533185628548845,54.38055927219059,0.25,incl. upgrading (high 0.45),fuel cell 0.50,2766.863135685573,5.866818815716237,2.7257966117276156,3.1410222039886215,3.9858772662937425,-0.844855062305121,False,0.6506279607254546,1314813.3620777843,876542.2413851896,1753084.4827703792
2b_y0.65 eq recycle h=0.35,2b_y0.65,0.65,0.35,0.9533185628548845,54.38055927219059,0.5,excl. upgrading (submitted boundary),H2 engine 0.40,832.3889581147175,5.866818815716237,2.1985898606216376,3.6682289550945995,1.4988996844802835,2.169329270614316,True,0.0,395551.2328961137,263700.8219307425,527401.643861485
2b_y0.65 eq recycle h=0.35,2b_y0.65,0.65,0.35,0.9533185628548845,54.38055927219059,0.5,excl. upgrading (submitted boundary),fuel cell 0.50,832.3889581147175,5.866818815716237,2.1985898606216376,3.6682289550945995,1.1991197475842268,2.469109207510373,True,0.0,395551.2328961137,263700.8219307425,527401.643861485
2b_y0.65 eq recycle h=0.35,2b_y0.65,0.65,0.35,0.9533185628548845,54.38055927219059,0.5,incl. upgrading (base 0.25 kWh/Nm3),H2 engine 0.40,1907.0968345429706,5.866818815716237,2.1985898606216376,3.6682289550945995,3.4341479613618917,0.23408099373270774,True,0.3889994327454783,906252.4157748196,604168.2771832132,1208336.5543664263
2b_y0.65 eq recycle h=0.35,2b_y0.65,0.65,0.35,0.9533185628548845,54.38055927219059,0.5,incl. upgrading (base 0.25 kWh/Nm3),fuel cell 0.50,1907.0968345429706,5.866818815716237,2.1985898606216376,3.6682289550945995,2.7473183690895135,0.9209105860050859,True,0.06330671787055395,906252.4157748196,604168.2771832132,1208336.5543664263
2b_y0.65 eq recycle h=0.35,2b_y0.65,0.65,0.35,0.9533185628548845,54.38055927219059,0.5,incl. upgrading (high 0.45),H2 engine 0.40,2766.863135685573,5.866818815716237,2.1985898606216376,3.6682289550945995,4.982346582867178,-1.3141176277725788,False,1.123150986314104,1314813.3620777843,876542.2413851896,1753084.4827703792
2b_y0.65 eq recycle h=0.35,2b_y0.65,0.65,0.35,0.9533185628548845,54.38055927219059,0.5,incl. upgrading (high 0.45),fuel cell 0.50,2766.863135685573,5.866818815716237,2.1985898606216376,3.6682289550945995,3.9858772662937425,-0.31764831119914305,False,0.6506279607254546,1314813.3620777843,876542.2413851896,1753084.4827703792
2b_y0.65 eq recycle h=0.5,2b_y0.65,0.65,0.5,0.9795597873132497,54.8883392643975,0.0,excl. upgrading (submitted boundary),H2 engine 0.40,773.1285333422987,5.686531020001953,3.4279899889848395,2.258541031017114,1.3921882353102617,0.8663527957068522,True,0.0,367390.67904426035,244927.11936284025,489854.2387256805
2b_y0.65 eq recycle h=0.5,2b_y0.65,0.65,0.5,0.9795597873132497,54.8883392643975,0.0,excl. upgrading (submitted boundary),fuel cell 0.50,773.1285333422987,5.686531020001953,3.4279899889848395,2.258541031017114,1.1137505882482095,1.1447904427689044,True,0.0,367390.67904426035,244927.11936284025,489854.2387256805
2b_y0.65 eq recycle h=0.5,2b_y0.65,0.65,0.5,0.9795597873132497,54.8883392643975,0.0,incl. upgrading (base 0.25 kWh/Nm3),H2 engine 0.40,1847.8364097705517,5.686531020001953,3.4279899889848395,2.258541031017114,3.3274365121918694,-1.0688954811747555,False,0.46613044191923286,878091.8619229661,585394.5746153108,1170789.1492306215
2b_y0.65 eq recycle h=0.5,2b_y0.65,0.65,0.5,0.9795597873132497,54.8883392643975,0.0,incl. upgrading (base 0.25 kWh/Nm3),fuel cell 0.50,1847.8364097705517,5.686531020001953,3.4279899889848395,2.258541031017114,2.661949209753496,-0.4034081787363819,False,0.17592069191045595,878091.8619229661,585394.5746153108,1170789.1492306215
2b_y0.65 eq recycle h=0.5,2b_y0.65,0.65,0.5,0.9795597873132497,54.8883392643975,0.0,incl. upgrading (high 0.45),H2 engine 0.40,2707.602710913154,5.686531020001953,3.4279899889848395,2.258541031017114,4.875635133697156,-2.6170941026800425,False,1.141278312156155,1286652.808225931,857768.5388172873,1715537.0776345746
2b_y0.65 eq recycle h=0.5,2b_y0.65,0.65,0.5,0.9795597873132497,54.8883392643975,0.0,incl. upgrading (high 0.45),fuel cell 0.50,2707.602710913154,5.686531020001953,3.4279899889848395,2.258541031017114,3.9005081069577257,-1.6419670759406118,False,0.7160389880999936,1286652.808225931,857768.5388172873,1715537.0776345746
2b_y0.65 eq recycle h=0.5,2b_y0.65,0.65,0.5,0.9795597873132497,54.8883392643975,0.25,excl. upgrading (submitted boundary),H2 engine 0.40,773.1285333422987,5.686531020001953,2.854708679157855,2.8318223408440986,1.3921882353102617,1.4396341055338369,True,0.0,367390.67904426035,244927.11936284025,489854.2387256805
2b_y0.65 eq recycle h=0.5,2b_y0.65,0.65,0.5,0.9795597873132497,54.8883392643975,0.25,excl. upgrading (submitted boundary),fuel cell 0.50,773.1285333422987,5.686531020001953,2.854708679157855,2.8318223408440986,1.1137505882482095,1.718071752595889,True,0.0,367390.67904426035,244927.11936284025,489854.2387256805
2b_y0.65 eq recycle h=0.5,2b_y0.65,0.65,0.5,0.9795597873132497,54.8883392643975,0.25,incl. upgrading (base 0.25 kWh/Nm3),H2 engine 0.40,1847.8364097705517,5.686531020001953,2.854708679157855,2.8318223408440986,3.3274365121918694,-0.49561417134777086,False,0.46613044191923286,878091.8619229661,585394.5746153108,1170789.1492306215
2b_y0.65 eq recycle h=0.5,2b_y0.65,0.65,0.5,0.9795597873132497,54.8883392643975,0.25,incl. upgrading (base 0.25 kWh/Nm3),fuel cell 0.50,1847.8364097705517,5.686531020001953,2.854708679157855,2.8318223408440986,2.661949209753496,0.16987313109060276,True,0.17592069191045595,878091.8619229661,585394.5746153108,1170789.1492306215
2b_y0.65 eq recycle h=0.5,2b_y0.65,0.65,0.5,0.9795597873132497,54.8883392643975,0.25,incl. upgrading (high 0.45),H2 engine 0.40,2707.602710913154,5.686531020001953,2.854708679157855,2.8318223408440986,4.875635133697156,-2.043812792853058,False,1.141278312156155,1286652.808225931,857768.5388172873,1715537.0776345746
2b_y0.65 eq recycle h=0.5,2b_y0.65,0.65,0.5,0.9795597873132497,54.8883392643975,0.25,incl. upgrading (high 0.45),fuel cell 0.50,2707.602710913154,5.686531020001953,2.854708679157855,2.8318223408440986,3.9005081069577257,-1.068685766113627,False,0.7160389880999936,1286652.808225931,857768.5388172873,1715537.0776345746
2b_y0.65 eq recycle h=0.5,2b_y0.65,0.65,0.5,0.9795597873132497,54.8883392643975,0.5,excl. upgrading (submitted boundary),H2 engine 0.40,773.1285333422987,5.686531020001953,2.28142736933087,3.4051036506710832,1.3921882353102617,2.0129154153608217,True,0.0,367390.67904426035,244927.11936284025,489854.2387256805
2b_y0.65 eq recycle h=0.5,2b_y0.65,0.65,0.5,0.9795597873132497,54.8883392643975,0.5,excl. upgrading (submitted boundary),fuel cell 0.50,773.1285333422987,5.686531020001953,2.28142736933087,3.4051036506710832,1.1137505882482095,2.291353062422874,True,0.0,367390.67904426035,244927.11936284025,489854.2387256805
2b_y0.65 eq recycle h=0.5,2b_y0.65,0.65,0.5,0.9795597873132497,54.8883392643975,0.5,incl. upgrading (base 0.25 kWh/Nm3),H2 engine 0.40,1847.8364097705517,5.686531020001953,2.28142736933087,3.4051036506710832,3.3274365121918694,0.0776671384792138,True,0.46613044191923286,878091.8619229661,585394.5746153108,1170789.1492306215
2b_y0.65 eq recycle h=0.5,2b_y0.65,0.65,0.5,0.9795597873132497,54.8883392643975,0.5,incl. upgrading (base 0.25 kWh/Nm3),fuel cell 0.50,1847.8364097705517,5.686531020001953,2.28142736933087,3.4051036506710832,2.661949209753496,0.7431544409175874,True,0.17592069191045595,878091.8619229661,585394.5746153108,1170789.1492306215
2b_y0.65 eq recycle h=0.5,2b_y0.65,0.65,0.5,0.9795597873132497,54.8883392643975,0.5,incl. upgrading (high 0.45),H2 engine 0.40,2707.602710913154,5.686531020001953,2.28142736933087,3.4051036506710832,4.875635133697156,-1.4705314830260732,False,1.141278312156155,1286652.808225931,857768.5388172873,1715537.0776345746
2b_y0.65 eq recycle h=0.5,2b_y0.65,0.65,0.5,0.9795597873132497,54.8883392643975,0.5,incl. upgrading (high 0.45),fuel cell 0.50,2707.602710913154,5.686531020001953,2.28142736933087,3.4051036506710832,3.9005081069577257,-0.4954044562866424,False,0.7160389880999936,1286652.808225931,857768.5388172873,1715537.0776345746
2b_y0.65 eq recycle h=0.75,2b_y0.65,0.65,0.75,0.997279616465455,55.23122362992353,0.0,excl. upgrading (submitted boundary),H2 engine 0.40,1734.4272311713155,5.549328332833881,4.070307739047026,1.4790205937868555,3.1232183034297396,-1.6441977096428841,False,0.5649290930031361,824199.8202526091,549466.5468350727,1098933.0936701454
2b_y0.65 eq recycle h=0.75,2b_y0.65,0.65,0.75,0.997279616465455,55.23122362992353,0.0,excl. upgrading (submitted boundary),fuel cell 0.50,1734.4272311713155,5.549328332833881,4.070307739047026,1.4790205937868555,2.4985746427437916,-1.0195540489569361,False,0.3503080808146957,824199.8202526091,549466.5468350727,1098933.0936701454
2b_y0.65 eq recycle h=0.75,2b_y0.65,0.65,0.75,0.997279616465455,55.23122362992353,0.0,incl. upgrading (base 0.25 kWh/Nm3),H2 engine 0.40,2809.1351075995685,5.549328332833881,4.070307739047026,1.4790205937868555,5.0584665803113475,-3.579445986524492,False,1.2298601091350498,1334901.0031313149,889934.0020875434,1779868.0041750867
2b_y0.65 eq recycle h=0.75,2b_y0.65,0.65,0.75,0.997279616465455,55.23122362992353,0.0,incl. upgrading (base 0.25 kWh/Nm3),fuel cell 0.50,2809.1351075995685,5.549328332833881,4.070307739047026,1.4790205937868555,4.046773264249079,-2.567752670462223,False,0.8822528937202272,1334901.0031313149,889934.0020875434,1779868.0041750867
2b_y0.65 eq recycle h=0.75,2b_y0.65,0.65,0.75,0.997279616465455,55.23122362992353,0.0,incl. upgrading (high 0.45),H2 engine 0.40,3668.901408742171,5.549328332833881,4.070307739047026,1.4790205937868555,6.606665201816634,-5.127644608029779,False,1.7618049220405811,1743461.9494342797,1162307.9662895198,2324615.9325790396
2b_y0.65 eq recycle h=0.75,2b_y0.65,0.65,0.75,0.997279616465455,55.23122362992353,0.0,incl. upgrading (high 0.45),fuel cell 0.50,3668.901408742171,5.549328332833881,4.070307739047026,1.4790205937868555,5.285332161453308,-3.8063115676664525,False,1.307808744044652,1743461.9494342797,1162307.9662895198,2324615.9325790396
2b_y0.65 eq recycle h=0.75,2b_y0.65,0.65,0.75,0.997279616465455,55.23122362992353,0.25,excl. upgrading (submitted boundary),H2 engine 0.40,1734.4272311713155,5.549328332833881,3.3426953138741577,2.2066330189597236,3.1232183034297396,-0.916585284470016,False,0.5649290930031361,824199.8202526091,549466.5468350727,1098933.0936701454
2b_y0.65 eq recycle h=0.75,2b_y0.65,0.65,0.75,0.997279616465455,55.23122362992353,0.25,excl. upgrading (submitted boundary),fuel cell 0.50,1734.4272311713155,5.549328332833881,3.3426953138741577,2.2066330189597236,2.4985746427437916,-0.29194162378406796,False,0.3503080808146957,824199.8202526091,549466.5468350727,1098933.0936701454
2b_y0.65 eq recycle h=0.75,2b_y0.65,0.65,0.75,0.997279616465455,55.23122362992353,0.25,incl. upgrading (base 0.25 kWh/Nm3),H2 engine 0.40,2809.1351075995685,5.549328332833881,3.3426953138741577,2.2066330189597236,5.0584665803113475,-2.851833561351624,False,1.2298601091350498,1334901.0031313149,889934.0020875434,1779868.0041750867
2b_y0.65 eq recycle h=0.75,2b_y0.65,0.65,0.75,0.997279616465455,55.23122362992353,0.25,incl. upgrading (base 0.25 kWh/Nm3),fuel cell 0.50,2809.1351075995685,5.549328332833881,3.3426953138741577,2.2066330189597236,4.046773264249079,-1.840140245289355,False,0.8822528937202272,1334901.0031313149,889934.0020875434,1779868.0041750867
2b_y0.65 eq recycle h=0.75,2b_y0.65,0.65,0.75,0.997279616465455,55.23122362992353,0.25,incl. upgrading (high 0.45),H2 engine 0.40,3668.901408742171,5.549328332833881,3.3426953138741577,2.2066330189597236,6.606665201816634,-4.4000321828569104,False,1.7618049220405811,1743461.9494342797,1162307.9662895198,2324615.9325790396
2b_y0.65 eq recycle h=0.75,2b_y0.65,0.65,0.75,0.997279616465455,55.23122362992353,0.25,incl. upgrading (high 0.45),fuel cell 0.50,3668.901408742171,5.549328332833881,3.3426953138741577,2.2066330189597236,5.285332161453308,-3.0786991424935843,False,1.307808744044652,1743461.9494342797,1162307.9662895198,2324615.9325790396
2b_y0.65 eq recycle h=0.75,2b_y0.65,0.65,0.75,0.997279616465455,55.23122362992353,0.5,excl. upgrading (submitted boundary),H2 engine 0.40,1734.4272311713155,5.549328332833881,2.6150828887012887,2.9342454441325927,3.1232183034297396,-0.1889728592971469,False,0.5649290930031361,824199.8202526091,549466.5468350727,1098933.0936701454
2b_y0.65 eq recycle h=0.75,2b_y0.65,0.65,0.75,0.997279616465455,55.23122362992353,0.5,excl. upgrading (submitted boundary),fuel cell 0.50,1734.4272311713155,5.549328332833881,2.6150828887012887,2.9342454441325927,2.4985746427437916,0.4356708013888011,True,0.3503080808146957,824199.8202526091,549466.5468350727,1098933.0936701454
2b_y0.65 eq recycle h=0.75,2b_y0.65,0.65,0.75,0.997279616465455,55.23122362992353,0.5,incl. upgrading (base 0.25 kWh/Nm3),H2 engine 0.40,2809.1351075995685,5.549328332833881,2.6150828887012887,2.9342454441325927,5.0584665803113475,-2.124221136178755,False,1.2298601091350498,1334901.0031313149,889934.0020875434,1779868.0041750867
2b_y0.65 eq recycle h=0.75,2b_y0.65,0.65,0.75,0.997279616465455,55.23122362992353,0.5,incl. upgrading (base 0.25 kWh/Nm3),fuel cell 0.50,2809.1351075995685,5.549328332833881,2.6150828887012887,2.9342454441325927,4.046773264249079,-1.1125278201164859,False,0.8822528937202272,1334901.0031313149,889934.0020875434,1779868.0041750867
2b_y0.65 eq recycle h=0.75,2b_y0.65,0.65,0.75,0.997279616465455,55.23122362992353,0.5,incl. upgrading (high 0.45),H2 engine 0.40,3668.901408742171,5.549328332833881,2.6150828887012887,2.9342454441325927,6.606665201816634,-3.6724197576840414,False,1.7618049220405811,1743461.9494342797,1162307.9662895198,2324615.9325790396
2b_y0.65 eq recycle h=0.75,2b_y0.65,0.65,0.75,0.997279616465455,55.23122362992353,0.5,incl. upgrading (high 0.45),fuel cell 0.50,3668.901408742171,5.549328332833881,2.6150828887012887,2.9342454441325927,5.285332161453308,-2.3510867173207153,False,1.307808744044652,1743461.9494342797,1162307.9662895198,2324615.9325790396
submitted eq recycle h=0.35,submitted,,0.35,0.9965612299098785,47.35676702556496,0.0,excl. upgrading (submitted boundary),H2 engine 0.40,926.1971037876617,10.72701659575551,3.4899935697961104,7.237023025959399,1.6678219155840246,5.569201110375374,True,0.0,440128.86371989676,293419.2424799312,586838.4849598624
submitted eq recycle h=0.35,submitted,,0.35,0.9965612299098785,47.35676702556496,0.0,excl. upgrading (submitted boundary),fuel cell 0.50,926.1971037876617,10.72701659575551,3.4899935697961104,7.237023025959399,1.3342575324672195,5.902765493492179,True,0.0,440128.86371989676,293419.2424799312,586838.4849598624
submitted eq recycle h=0.35,submitted,,0.35,0.9965612299098785,47.35676702556496,0.0,incl. upgrading (base 0.25 kWh/Nm3),H2 engine 0.40,2090.4639699182694,10.72701659575551,3.4899935697961104,7.237023025959399,3.764340882205767,3.472682143753632,True,0.0,993388.4785051615,662258.9856701076,1324517.9713402153
submitted eq recycle h=0.35,submitted,,0.35,0.9965612299098785,47.35676702556496,0.0,incl. upgrading (base 0.25 kWh/Nm3),fuel cell 0.50,2090.4639699182694,10.72701659575551,3.4899935697961104,7.237023025959399,3.011472705764614,4.225550320194785,True,0.0,993388.4785051615,662258.9856701076,1324517.9713402153
submitted eq recycle h=0.35,submitted,,0.35,0.9965612299098785,47.35676702556496,0.0,incl. upgrading (high 0.45),H2 engine 0.40,3021.8774628227557,10.72701659575551,3.4899935697961104,7.237023025959399,5.4415560555031615,1.7954669704562374,True,0.0,1435996.1703333736,957330.7802222491,1914661.5604444982
submitted eq recycle h=0.35,submitted,,0.35,0.9965612299098785,47.35676702556496,0.0,incl. upgrading (high 0.45),fuel cell 0.50,3021.8774628227557,10.72701659575551,3.4899935697961104,7.237023025959399,4.353244844402529,2.8837781815568695,True,0.0,1435996.1703333736,957330.7802222491,1914661.5604444982
submitted eq recycle h=0.35,submitted,,0.35,0.9965612299098785,47.35676702556496,0.25,excl. upgrading (submitted boundary),H2 engine 0.40,926.1971037876617,10.72701659575551,3.0581278355819372,7.668888760173573,1.6678219155840246,6.001066844589548,True,0.0,440128.86371989676,293419.2424799312,586838.4849598624
submitted eq recycle h=0.35,submitted,,0.35,0.9965612299098785,47.35676702556496,0.25,excl. upgrading (submitted boundary),fuel cell 0.50,926.1971037876617,10.72701659575551,3.0581278355819372,7.668888760173573,1.3342575324672195,6.334631227706353,True,0.0,440128.86371989676,293419.2424799312,586838.4849598624
submitted eq recycle h=0.35,submitted,,0.35,0.9965612299098785,47.35676702556496,0.25,incl. upgrading (base 0.25 kWh/Nm3),H2 engine 0.40,2090.4639699182694,10.72701659575551,3.0581278355819372,7.668888760173573,3.764340882205767,3.904547877967806,True,0.0,993388.4785051615,662258.9856701076,1324517.9713402153
submitted eq recycle h=0.35,submitted,,0.35,0.9965612299098785,47.35676702556496,0.25,incl. upgrading (base 0.25 kWh/Nm3),fuel cell 0.50,2090.4639699182694,10.72701659575551,3.0581278355819372,7.668888760173573,3.011472705764614,4.657416054408959,True,0.0,993388.4785051615,662258.9856701076,1324517.9713402153
submitted eq recycle h=0.35,submitted,,0.35,0.9965612299098785,47.35676702556496,0.25,incl. upgrading (high 0.45),H2 engine 0.40,3021.8774628227557,10.72701659575551,3.0581278355819372,7.668888760173573,5.4415560555031615,2.2273327046704114,True,0.0,1435996.1703333736,957330.7802222491,1914661.5604444982
submitted eq recycle h=0.35,submitted,,0.35,0.9965612299098785,47.35676702556496,0.25,incl. upgrading (high 0.45),fuel cell 0.50,3021.8774628227557,10.72701659575551,3.0581278355819372,7.668888760173573,4.353244844402529,3.3156439157710436,True,0.0,1435996.1703333736,957330.7802222491,1914661.5604444982
submitted eq recycle h=0.35,submitted,,0.35,0.9965612299098785,47.35676702556496,0.5,excl. upgrading (submitted boundary),H2 engine 0.40,926.1971037876617,10.72701659575551,2.626262101367766,8.100754494387743,1.6678219155840246,6.432932578803719,True,0.0,440128.86371989676,293419.2424799312,586838.4849598624
submitted eq recycle h=0.35,submitted,,0.35,0.9965612299098785,47.35676702556496,0.5,excl. upgrading (submitted boundary),fuel cell 0.50,926.1971037876617,10.72701659575551,2.626262101367766,8.100754494387743,1.3342575324672195,6.766496961920524,True,0.0,440128.86371989676,293419.2424799312,586838.4849598624
submitted eq recycle h=0.35,submitted,,0.35,0.9965612299098785,47.35676702556496,0.5,incl. upgrading (base 0.25 kWh/Nm3),H2 engine 0.40,2090.4639699182694,10.72701659575551,2.626262101367766,8.100754494387743,3.764340882205767,4.3364136121819765,True,0.0,993388.4785051615,662258.9856701076,1324517.9713402153
submitted eq recycle h=0.35,submitted,,0.35,0.9965612299098785,47.35676702556496,0.5,incl. upgrading (base 0.25 kWh/Nm3),fuel cell 0.50,2090.4639699182694,10.72701659575551,2.626262101367766,8.100754494387743,3.011472705764614,5.089281788623129,True,0.0,993388.4785051615,662258.9856701076,1324517.9713402153
submitted eq recycle h=0.35,submitted,,0.35,0.9965612299098785,47.35676702556496,0.5,incl. upgrading (high 0.45),H2 engine 0.40,3021.8774628227557,10.72701659575551,2.626262101367766,8.100754494387743,5.4415560555031615,2.659198438884582,True,0.0,1435996.1703333736,957330.7802222491,1914661.5604444982
submitted eq recycle h=0.35,submitted,,0.35,0.9965612299098785,47.35676702556496,0.5,incl. upgrading (high 0.45),fuel cell 0.50,3021.8774628227557,10.72701659575551,2.626262101367766,8.100754494387743,4.353244844402529,3.747509649985214,True,0.0,1435996.1703333736,957330.7802222491,1914661.5604444982
