case,value_type,mode,P1_bar,P2_bar,P3_bar,phi,purge_p,r_CH4,h_H2_to_CFR,converged,iterations,method,S1_inlet_CH4_kmol_d,S1_inlet_CH4_ratio_vs_fresh,S1_X_CH4,S2_inlet_total_kmol_d,recycle_to_S2_total_kmol_d,S2_X_CO2_per_pass,S2_xi2_CH4_formed_kmol_d,S3_CH4_formed_kmol_d,S3_COx_conversion,C_stage1_tpd,C_stage3_tpd,C_total_tpd,C_from_CO2_total_tpd,fresh_CO2_carbon_fixed_fraction,C_from_CO2_total_tpd_mixing_tracer_upper,purge_carbon_tpd,purge_carbon_as_CO2_if_oxidised_tpd,H2_net_exportable_tpd,water_total_tpd,Q1_kW,Q2_kW,Q3_kW,Q_total_kW,closure_C_rel,closure_H_rel,closure_O_rel,W_S1out_to_S2_kW,n_st_S1out,W_freshCO2_kW,W_solarH2_kW,W_freshCH4_to_S1_kW,W_compression_total_kW,W_compression_excl_solarH2_kW,W_compression_share_of_5MW,pressure_order_n,variant,factor_meth_at_P2,factor_rwgs_at_P2,wall_s
"kin once-through (1,5,5) n=0.5 V1 phi=0",kinetic,kinetic,1.0,5.0,5.0,0.0,1.0,0.0,0.35,True,1,once-through,2991.959109892165,1.0,0.8730911863828243,7808.562485297292,0.0,0.8055242606889389,0.0,16.344843005229336,0.0171266713289826,31.375772330793286,0.0,31.375772330793286,0.0,0.0,0.0,16.023349349319165,58.71048051903981,11.403486746263019,14.098081540804795,2728.6383640944473,313.8140109366329,-41.330194171036965,3001.122180860043,-1.0371022107800206e-15,0.0,-7.147491487558001e-16,406.89333739197235,2,67.51500202902557,90.94006166111424,0.0,565.3484010821121,474.4083394209979,0.11306968021642243,0.5,V1,0.0007592061830132707,1.0,0.4126291275024414
"kin recycle (1,5,5) n=0.5 V1 phi=0",kinetic,kinetic,1.0,5.0,5.0,0.0,0.05,0.95,0.35,True,292,direct,3538.3133557355036,1.182607524293014,0.8730911863828239,27172.1323524823,18340.198544652998,0.26815636799188514,0.0,98.74886905795375,0.00841904224785106,37.105224438900784,0.47786052184564104,37.583084960746426,1.6603689986297028,0.14484971962346935,4.440555215231676,9.816034807488052,35.96652034324716,12.605536860991194,17.615855630963107,3226.9082604526793,342.7913446914447,-312.42661784865766,3257.272987295466,-4.033572681711696e-08,1.095224292082125e-10,-9.572337787303317e-08,481.19512238444366,2,67.51500202902557,90.94006166111424,0.0,639.6501860745834,548.7101244134692,0.1279300372149167,0.5,V1,0.0007592061830132707,1.0,108.18807339668274
"kin once-through (1,5,5) n=0.5 V1 phi=0.1",kinetic,kinetic,1.0,5.0,5.0,0.1,1.0,0.0,0.35,True,1,once-through,2991.959109892165,1.0,0.8730911863828243,7808.562485297292,0.0,0.8055211845851812,10.778045469762446,16.059765278054954,0.017020176367882667,31.375772330793286,0.0,31.375772330793286,0.0,0.0,0.0,16.02334934931921,58.710480519039976,11.340036127413256,14.286789101698835,2728.6383640944473,285.80921836014926,-40.60865598236225,2973.8389264722346,0.0,-1.1315378564233193e-15,-3.5737457437790004e-16,406.89333739197235,2,67.51500202902557,90.94006166111424,0.0,565.3484010821121,474.4083394209979,0.11306968021642243,0.5,V1,0.0007592061830132707,1.0,0.4115738868713379
"kin recycle (1,5,5) n=0.5 V1 phi=0.1",kinetic,kinetic,1.0,5.0,5.0,0.1,0.05,0.95,0.35,True,294,direct,3543.813274489198,1.1844457575547958,0.8730911863828242,27100.37005091452,18258.134393741875,0.26832152811007726,4.570872425309233,98.99440061136835,0.008440724977798797,37.16290042721323,0.4706174091770127,37.63351783639025,1.7108018735971173,0.14924945715462323,4.476633625054534,9.765601935701495,35.78173137859355,12.596813279314356,17.693293801651336,3231.924134252924,330.9497918499275,-312.10721144216467,3250.766714660687,-4.025434851794368e-08,1.2767468522738388e-10,-9.554921983207502e-08,481.9430872512335,2,67.51500202902557,90.94006166111424,0.0,640.3981509413733,549.4580892802591,0.12807963018827465,0.5,V1,0.0007592061830132707,1.0,108.92437887191772
"kin once-through (1,5,5) n=0.5 V1 phi=1",kinetic,kinetic,1.0,5.0,5.0,1.0,1.0,0.0,0.35,True,1,once-through,2991.959109892165,1.0,0.8730911863828243,7808.562485297292,0.0,0.8068015627775601,99.86315041512796,13.780018982097943,0.016126655445803717,31.375772330793286,0.0,31.375772330793286,0.0,0.0,0.0,16.023349349319194,58.71048051903992,10.81261719407562,15.870219514907943,2728.6383640944473,54.846473094797844,-34.839413829546686,2748.6454233596987,-4.6093431590223135e-16,3.771792854744397e-16,1.0721237231337001e-15,406.89333739197235,2,67.51500202902557,90.94006166111424,0.0,565.3484010821121,474.4083394209979,0.11306968021642243,0.5,V1,0.0007592061830132707,1.0,0.41610217094421387
"kin recycle (1,5,5) n=0.5 V1 phi=1",kinetic,kinetic,1.0,5.0,5.0,1.0,0.05,0.95,0.35,True,318,direct,3598.909014665874,1.2028603608809294,0.8730911863828239,26383.959332181323,17438.524329676486,0.2704983420869529,50.25760942425825,101.5562568612105,0.00866690237008938,37.74067282873598,0.3963613352534066,38.137034163989384,2.2143181961051774,0.1931759567467773,4.83683653213633,9.262085781485492,33.93681901235493,12.509184816088865,18.47117654328385,3282.170927348201,212.6981016038146,-308.94585088170936,3185.923178070306,-3.6596408702718e-08,2.8986592695353317e-10,-8.708097317374572e-08,489.43586665535474,2,67.51500202902557,90.94006166111424,0.0,647.8909303454946,556.9508686843803,0.1295781860690989,0.5,V1,0.0007592061830132707,1.0,119.18220281600952
"kin once-through (1,5,5) n=0.5 V2 phi=0",kinetic,kinetic,1.0,5.0,5.0,0.0,1.0,0.0,0.35,True,1,once-through,2991.959109892165,1.0,0.8730911863828243,7808.562485297292,0.0,0.4828221191023101,0.0,1.4310792087148911,0.001499532497533096,31.375772330793286,0.0,31.375772330793286,0.0,0.0,0.0,16.023349349319183,58.710480519039876,12.113776910613828,8.315219486952662,2728.6383640944473,188.0965641367944,-3.3549839615535735,2913.379944269688,-6.914014738533471e-16,-8.800849994403594e-16,-5.956242906298334e-16,406.89333739197235,2,67.51500202902557,90.94006166111424,0.0,565.3484010821121,474.4083394209979,0.11306968021642243,0.5,V2,0.0007592061830132707,0.09122626874768583,0.4034461975097656
"kin recycle (1,5,5) n=0.5 V2 phi=0",kinetic,kinetic,1.0,5.0,5.0,0.0,0.05,0.95,0.35,True,301,direct,3435.985288158566,1.148406499540164,0.8730911863828242,29810.72823404579,21170.464227714456,0.17629348917462073,0.0,9.1378517479219,0.00048314212622491137,36.03214087277542,0.0,36.03214087277542,0.10942492032292016,0.009546172592764954,3.3310488525034216,11.366978639416581,41.649268415792555,13.000820004551302,14.099293994843123,3133.5860322207022,315.7938019542779,-23.153272544250488,3426.22656163073,-4.573756690593008e-08,7.927051316387808e-12,-1.0984436576999694e-07,467.2789532805294,2,67.51500202902557,90.94006166111424,0.0,625.7340169706691,534.7939553095549,0.12514680339413384,0.5,V2,0.0007592061830132707,0.09122626874768583,109.23410987854004
"kin once-through (1,5,5) n=0.5 V2 phi=0.1",kinetic,kinetic,1.0,5.0,5.0,0.1,1.0,0.0,0.35,True,1,once-through,2991.959109892165,1.0,0.8730911863828243,7808.562485297292,0.0,0.5055799712543247,35.37467319110044,1.35096145386143,0.0014700733001410393,31.375772330793286,0.0,31.375772330793286,0.0,0.0,0.0,16.023349349319183,58.710480519039876,11.85662771305976,9.338989409456536,2728.6383640944473,105.05178116198469,-3.1734226158417598,2830.51672264059,-6.914014738533471e-16,-1.6344435703892389e-15,-9.529988650077333e-16,406.89333739197235,2,67.51500202902557,90.94006166111424,0.0,565.3484010821121,474.4083394209979,0.11306968021642243,0.5,V2,0.0007592061830132707,0.09122626874768583,0.40026187896728516
"kin recycle (1,5,5) n=0.5 V2 phi=0.1",kinetic,kinetic,1.0,5.0,5.0,0.1,0.05,0.95,0.35,True,305,direct,3443.4168887121623,1.150890357200192,0.8730911863828241,29697.65788690459,21043.473815075595,0.17746873172348698,6.55240288800934,9.093470513907903,0.00048412844365863794,36.110073825218585,0.0,36.110073825218585,0.18735787121668893,0.016345002308152574,3.386800125081221,11.289045716454117,41.36371767008819,12.985242800851049,14.237771985574646,3140.3635815228063,299.2507738213151,-23.040689821749087,3416.5736655223723,-4.511559965555562e-08,3.6098194969188235e-11,-1.084778773749425e-07,468.2896184134254,2,67.51500202902557,90.94006166111424,0.0,626.7446821035652,535.804620442451,0.12534893642071304,0.5,V2,0.0007592061830132707,0.09122626874768583,110.6733980178833
"kin once-through (1,5,5) n=0.5 V2 phi=1",kinetic,kinetic,1.0,5.0,5.0,1.0,1.0,0.0,0.35,True,1,once-through,2991.959109892165,1.0,0.8730911863828243,7808.562485297292,0.0,0.6420899321036488,257.0633408176002,0.8989697598119619,0.001289239411257026,31.375772330793286,0.0,31.375772330793286,0.0,0.0,0.0,16.02334934931921,58.710480519039976,10.256453123812864,15.651792613992862,2728.6383640944473,-417.7600981749778,-2.1391525759110626,2308.7391133435585,0.0,3.771792854744397e-16,8.338740068817667e-16,406.89333739197235,2,67.51500202902557,90.94006166111424,0.0,565.3484010821121,474.4083394209979,0.11306968021642243,0.5,V2,0.0007592061830132707,0.09122626874768583,0.39392995834350586
"kin recycle (1,5,5) n=0.5 V2 phi=1",kinetic,kinetic,1.0,5.0,5.0,1.0,0.05,0.95,0.35,True,349,direct,3517.688201691745,1.175713996244597,0.8730911863828242,28567.63291946727,19774.331905895146,0.18990635876457407,72.03557102014508,8.651380734916756,0.0004948760576697353,36.8889346722976,0.0,36.8889346722976,0.9662187062196489,0.08429241259405175,3.9439775708815876,10.51018502132762,38.509926950595904,12.82957617512335,15.62161420659197,3208.0983153558004,133.9213071385193,-21.919143755408392,3320.1004787389115,-4.190979088696633e-08,2.96036831516752e-10,-1.0192646392459892e-07,478.39019175041665,2,67.51500202902557,90.94006166111424,0.0,636.8452554405565,545.9051937794422,0.12736905108811128,0.5,V2,0.0007592061830132707,0.09122626874768583,130.17064476013184
"kin once-through (1,5,5) n=1 V1 phi=0",kinetic,kinetic,1.0,5.0,5.0,0.0,1.0,0.0,0.35,True,1,once-through,2991.959109892165,1.0,0.8730911863828243,7808.562485297292,0.0,0.8055242606889389,0.0,16.621355063833903,0.017416409881055195,31.375772330793286,0.0,31.375772330793286,0.0,0.0,0.0,16.023349349319187,58.71048051903989,11.401254416891534,14.10756766355394,2728.6383640944473,313.8140109366329,-41.90773955713131,3000.544635473949,-5.761678948777892e-16,7.543585709488794e-16,-1.7868728718895002e-15,406.89333739197235,2,67.51500202902557,90.94006166111424,0.0,565.3484010821121,474.4083394209979,0.11306968021642243,1.0,V1,0.0016865003370155063,1.0,0.42227673530578613
"kin recycle (1,5,5) n=1 V1 phi=0",kinetic,kinetic,1.0,5.0,5.0,0.0,0.05,0.95,0.35,True,292,direct,3538.344412815896,1.1826179044751128,0.8730911863828241,27171.58445225871,18339.59247168587,0.26816021969115167,0.0,98.77606644856269,0.008420869827498123,37.10555012513097,0.477845235194641,37.58339536032561,1.6606793981931849,0.14487679871840473,4.440777267277823,9.81572440574445,35.9653830132718,12.605470639668834,17.61644200544398,3226.9365842157736,342.7822090387217,-312.48062957633124,3257.238163678164,-4.038139054269118e-08,1.0947767059966954e-10,-9.583269065484502e-08,481.19934601137925,2,67.51500202902557,90.94006166111424,0.0,639.6544097015191,548.7143480404048,0.1279308819403038,1.0,V1,0.0016865003370155063,1.0,108.48075604438782
"kin once-through (1,5,5) n=1 V1 phi=0.1",kinetic,kinetic,1.0,5.0,5.0,0.1,1.0,0.0,0.35,True,1,once-through,2991.959109892165,1.0,0.8730911863828243,7808.562485297292,0.0,0.8055623882579459,23.697434691810486,15.990626572549616,0.017182161133523777,31.375772330793286,0.0,31.375772330793286,0.0,0.0,0.0,16.02334934931919,58.7104805190399,11.261697863443484,14.523063310159829,2728.6383640944473,252.25802165456665,-40.314288236516674,2940.582097512497,-4.6093431590223135e-16,-6.286321424573996e-16,3.5737457437790004e-16,406.89333739197235,2,67.51500202902557,90.94006166111424,0.0,565.3484010821121,474.4083394209979,0.11306968021642243,1.0,V1,0.0016865003370155063,1.0,0.4149458408355713
"kin recycle (1,5,5) n=1 V1 phi=0.1",kinetic,kinetic,1.0,5.0,5.0,0.1,0.05,0.95,0.35,True,297,direct,3550.712431193017,1.186751656950616,0.8730911863828239,27010.265144607656,18155.106737819602,0.26854489541883964,10.27555304071592,99.33146850525151,0.008469921972614314,37.23524980167424,0.461515866702575,37.69676566837682,1.7740497049773403,0.15476716475442706,4.5218795320875875,9.702354150828208,35.5499878298059,12.585846580417458,17.790642751495774,3238.2160998081054,316.16426125670256,-311.7648819378662,3242.615479126942,-3.9260378696708525e-08,1.4691447485300656e-10,-9.321504578737935e-08,482.8813423520897,2,67.51500202902557,90.94006166111424,0.0,641.3364060422294,550.3963443811152,0.12826728120844588,1.0,V1,0.0016865003370155063,1.0,110.37711691856384
"kin once-through (1,5,5) n=1 V1 phi=1",kinetic,kinetic,1.0,5.0,5.0,1.0,1.0,0.0,0.35,True,1,once-through,2991.959109892165,1.0,0.8730911863828243,7808.562485297292,0.0,0.8110207457762659,199.83289562002687,11.601761570133363,0.015376401292802933,31.375772330793286,0.0,31.375772330793286,0.0,0.0,0.0,16.02334934931917,58.710480519039834,10.212671827215054,17.705017522443626,2728.6383640944473,-203.25192990204246,-29.233105617837552,2496.1533285745672,-9.218686318044627e-16,-1.0058114279318392e-15,-2.0251225881414334e-15,406.89333739197235,2,67.51500202902557,90.94006166111424,0.0,565.3484010821121,474.4083394209979,0.11306968021642243,1.0,V1,0.0016865003370155063,1.0,0.4132871627807617
"kin recycle (1,5,5) n=1 V1 phi=1",kinetic,kinetic,1.0,5.0,5.0,1.0,0.05,0.95,0.35,True,95,wegstein,3698.019354067636,1.2359859270272309,0.8730911863828243,25107.537155868507,15976.45945015083,0.2769094269149647,131.88781069507348,106.71924503845491,0.009122271318694808,38.78001305047091,0.2542634773312632,39.03427652780218,3.11156062782286,0.2714509153709422,5.4787011353042745,8.364844036703634,30.649273267112665,12.350575573530898,19.879220614349375,3372.558617967344,1.8885670243298567,-303.53770255182906,3070.909482439845,-2.3536442257823053e-08,-1.4907690655984576e-09,-4.836024677856207e-08,502.91443881762115,2,67.51500202902557,90.94006166111424,0.0,661.3695025077609,570.4294408466467,0.1322739005015522,1.0,V1,0.0016865003370155063,1.0,33.71427822113037
"kin once-through (1,5,5) n=1 V2 phi=0",kinetic,kinetic,1.0,5.0,5.0,0.0,1.0,0.0,0.35,True,1,once-through,2991.959109892165,1.0,0.8730911863828243,7808.562485297292,0.0,0.7035442015776173,0.0,3.3472909276472365,0.003507403010351906,31.375772330793286,0.0,31.375772330793286,0.0,0.0,0.0,16.023349349319208,58.71048051903997,11.677286805533317,12.135339734696966,2728.6383640944473,274.08488923654943,-8.159792443655862,2994.5634608873406,-1.1523357897555784e-16,-1.382990713406279e-15,-7.147491487558001e-16,406.89333739197235,2,67.51500202902557,90.94006166111424,0.0,565.3484010821121,474.4083394209979,0.11306968021642243,1.0,V2,0.0016865003370155063,0.20265,0.4060800075531006
"kin recycle (1,5,5) n=1 V2 phi=0",kinetic,kinetic,1.0,5.0,5.0,0.0,0.05,0.95,0.35,True,299,direct,3450.264816078723,1.1531791342573114,0.8730911863828248,29537.624538124513,20870.61367390024,0.23253496052846634,0.0,21.642759511664167,0.0011588672015139245,36.181885973078636,0.0,36.181885973078636,0.2591700215727321,0.022609856598503692,3.438172728123516,11.217233589233224,41.10059387466198,12.883624747554089,15.144530288785687,3146.6088264077166,334.3827852068922,-54.84449664837873,3426.1471149662298,-4.468016630021352e-08,1.82330981126914e-11,-1.0510883447699371e-07,469.2209065487419,2,67.51500202902557,90.94006166111424,0.0,627.6759702388816,536.7359085777674,0.12553519404777633,1.0,V2,0.0016865003370155063,0.20265,108.88881492614746
"kin once-through (1,5,5) n=1 V2 phi=0.1",kinetic,kinetic,1.0,5.0,5.0,0.1,1.0,0.0,0.35,True,1,once-through,2991.959109892165,1.0,0.8730911863828243,7808.562485297292,0.0,0.7197139763966611,52.53726267729337,3.0928922496211726,0.0034296381899178163,31.375772330793286,0.0,31.375772330793286,0.0,0.0,0.0,16.0233493493192,58.71048051903995,11.330123002969774,13.351084433142141,2728.6383640944473,143.88157876940056,-7.548667465138965,2864.971275398709,-2.3046715795111567e-16,-1.0058114279318392e-15,1.1912485812596666e-16,406.89333739197235,2,67.51500202902557,90.94006166111424,0.0,565.3484010821121,474.4083394209979,0.11306968021642243,1.0,V2,0.0016865003370155063,0.20265,0.40930819511413574
"kin recycle (1,5,5) n=1 V2 phi=0.1",kinetic,kinetic,1.0,5.0,5.0,0.1,0.05,0.95,0.35,True,305,direct,3462.337283580568,1.1572141050100635,0.8730911863828241,29354.82016116605,20665.196464466157,0.23385364635888206,10.772195478757226,21.442698450906335,0.0011613154452791985,36.30848629677849,0.0,36.30848629677849,0.38577034294290224,0.033654402160270123,3.5287394131237484,11.090633294525189,40.636723058759394,12.860462507871189,15.350346443464746,3157.618802401681,306.74252996614246,-54.33706722569784,3410.024265142126,-4.4068513261792416e-08,6.20540389519688e-11,-1.0375707348814938e-07,470.86270926460946,2,67.51500202902557,90.94006166111424,0.0,629.3177729547492,538.377711293635,0.12586355459094983,1.0,V2,0.0016865003370155063,0.20265,111.42377710342407
"kin once-through (1,5,5) n=1 V2 phi=1",kinetic,kinetic,1.0,5.0,5.0,1.0,1.0,0.0,0.35,True,1,once-through,2991.959109892165,1.0,0.8730911863828243,7808.562485297292,0.0,0.8001677406081317,335.19895198000245,1.8428251041115118,0.0029763728515195265,31.375772330793286,0.0,31.375772330793286,0.0,0.0,0.0,16.023349349319176,58.71048051903985,9.474003534333212,19.78335677103328,2728.6383640944473,-559.1890628354051,-4.522856992746989,2164.9264442662948,-8.066350528289049e-16,-3.771792854744397e-16,3.5737457437790004e-16,406.89333739197235,2,67.51500202902557,90.94006166111424,0.0,565.3484010821121,474.4083394209979,0.11306968021642243,1.0,V2,0.0016865003370155063,0.20265,0.4018669128417969
"kin recycle (1,5,5) n=1 V2 phi=1",kinetic,kinetic,1.0,5.0,5.0,1.0,0.05,0.95,0.35,True,398,direct,3600.816300416843,1.203497831408071,0.8730911863828242,27257.31291858941,18308.305395954532,0.2515336860094486,134.27913081746863,19.204988471121737,0.001197577966687513,37.7606739588631,0.0,37.7606739588631,1.8379579863640159,0.1603424896660085,4.5675979145072985,9.6384458665223,35.31582417282324,12.592885055953934,17.728089409162624,3283.910353884535,-9.77834322998612,-48.660573683313444,3225.4714369712356,-3.912998879079105e-08,5.276305704873401e-10,-9.321254214023612e-08,489.6952491656316,2,67.51500202902557,90.94006166111424,0.0,648.1503128557714,557.2102511946572,0.12963006257115428,1.0,V2,0.0016865003370155063,0.20265,152.8213770389557
"kin once-through (1,5,5) n=1.5 V1 phi=0",kinetic,kinetic,1.0,5.0,5.0,0.0,1.0,0.0,0.35,True,1,once-through,2991.959109892165,1.0,0.8730911863828243,7808.562485297292,0.0,0.8055242606889389,0.0,17.232782442766734,0.018057083869611246,31.375772330793286,0.0,31.375772330793286,0.0,0.0,0.0,16.02334934931921,58.710480519039976,11.396318244398767,14.128543632865492,2728.6383640944473,313.8140109366329,-43.18481296795421,2999.2675620631258,0.0,7.543585709488794e-16,3.5737457437790004e-16,406.89333739197235,2,67.51500202902557,90.94006166111424,0.0,565.3484010821121,474.4083394209979,0.11306968021642243,1.5,V1,0.003746391231252261,1.0,0.44853687286376953
"kin recycle (1,5,5) n=1.5 V1 phi=0",kinetic,kinetic,1.0,5.0,5.0,0.0,0.05,0.95,0.35,True,292,direct,3538.413394031094,1.182640960009184,0.8730911863828241,27170.36750293923,18338.246314260177,0.26816877533868355,0.0,98.83647486529611,0.00842492948224094,37.10627351031896,0.4778112829582535,37.584084793277206,1.6613688311098453,0.14493694448405073,4.441270470258141,9.815034968007096,35.962856873451365,12.605323554960963,17.61774440644265,3226.9994944305463,342.7619174420194,-312.6005955043708,3257.160816368195,-4.048235762842167e-08,1.0937319193759311e-10,-9.607440940609044e-08,481.2087271545827,2,67.51500202902557,90.94006166111424,0.0,639.6637908447225,548.7237291836083,0.1279327581689445,1.5,V1,0.003746391231252261,1.0,116.68338680267334
"kin once-through (1,5,5) n=1.5 V1 phi=0.1",kinetic,kinetic,1.0,5.0,5.0,0.1,1.0,0.0,0.35,True,1,once-through,2991.959109892165,1.0,0.8730911863828243,7808.562485297292,0.0,0.805816472643964,51.44793419870496,15.843494247152591,0.017547296125605683,31.375772330793286,0.0,31.375772330793286,0.0,0.0,0.0,16.02334934931917,58.71048051903982,11.093119733790031,15.033290768560242,2728.6383640944473,180.25546250418628,-39.689279469894835,2869.204547128739,-9.218686318044627e-16,8.800849994403594e-16,-1.6677480137635334e-15,406.89333739197235,2,67.51500202902557,90.94006166111424,0.0,565.3484010821121,474.4083394209979,0.11306968021642243,1.5,V1,0.003746391231252261,1.0,0.5469591617584229
"kin recycle (1,5,5) n=1.5 V1 phi=0.1",kinetic,kinetic,1.0,5.0,5.0,0.1,0.05,0.95,0.35,True,303,direct,3566.674725022136,1.1920867211152109,0.8730911863828241,26802.054106957872,17916.996868284044,0.26911822244566985,23.462609045423278,100.12295634378802,0.008538580796539241,37.40264156027274,0.4402766527513272,37.84291821302407,1.9202022476512266,0.167517435836362,4.626433383817202,9.556201594938837,35.01447639594233,12.560446638969067,18.016114059774978,3252.7735605625235,281.9970607015963,-310.97839820729575,3223.792223056824,-3.949755878680286e-08,2.0066214585382875e-10,-9.384156320396642e-08,485.0521444152218,2,67.51500202902557,90.94006166111424,0.0,643.5072081053615,552.5671464442473,0.1287014416210723,1.5,V1,0.003746391231252261,1.0,140.91830396652222
"kin once-through (1,5,5) n=1.5 V1 phi=1",kinetic,kinetic,1.0,5.0,5.0,1.0,1.0,0.0,0.35,True,1,once-through,2991.959109892165,1.0,0.8730911863828243,7808.562485297292,0.0,0.8231381235372458,353.31352957584465,8.583910237303712,0.014281840019115588,31.375772330793286,0.0,31.375772330793286,0.0,0.0,0.0,16.023349349319197,58.710480519039926,9.278802734995091,20.623945173411407,2728.6383640944473,-597.3057458180759,-21.46070850535781,2109.8719097710136,-3.4570073692667354e-16,-6.286321424573996e-16,8.338740068817667e-16,406.89333739197235,2,67.51500202902557,90.94006166111424,0.0,565.3484010821121,474.4083394209979,0.11306968021642243,1.5,V1,0.003746391231252261,1.0,0.566580057144165
"kin recycle (1,5,5) n=1.5 V1 phi=1",kinetic,kinetic,1.0,5.0,5.0,1.0,0.05,0.95,0.35,True,304,direct,4290.6196029046505,1.4340502143624854,0.8730911863828241,16681.01338635046,6439.941377487891,0.4927113276578122,707.1308017346911,50.429775244597295,0.012651018878913178,44.994433036762736,0.0,44.994433036762736,9.071717082907291,0.7914118349879021,9.74244708259462,2.4046881810528657,8.810916839560035,11.212611884282765,29.99391052882566,3913.0044309473487,-1467.0925134989675,-127.44056097956621,2318.471356468815,-9.753280011832458e-09,2.3225279690874045e-10,-2.5102668758620442e-08,583.5054777096261,2,67.51500202902557,90.94006166111424,0.0,741.9605413997659,651.0204797386517,0.1483921082799532,1.5,V1,0.003746391231252261,1.0,142.52267003059387
"kin once-through (1,5,5) n=1.5 V2 phi=0",kinetic,kinetic,1.0,5.0,5.0,0.0,1.0,0.0,0.35,True,1,once-through,2991.959109892165,1.0,0.8730911863828243,7808.562485297292,0.0,0.7979257470476779,0.0,7.608748428289175,0.007972700228109364,31.375772330793286,0.0,31.375772330793286,0.0,0.0,0.0,16.023349349319187,58.71048051903989,11.469246355941737,13.832652409962574,2728.6383640944473,310.853802089688,-18.812098134608796,3020.6800680495267,-5.761678948777892e-16,0.0,-1.0721237231337001e-15,406.89333739197235,2,67.51500202902557,90.94006166111424,0.0,565.3484010821121,474.4083394209979,0.11306968021642243,1.5,V2,0.003746391231252261,0.45016663581389504,0.5147683620452881
"kin recycle (1,5,5) n=1.5 V2 phi=0",kinetic,kinetic,1.0,5.0,5.0,0.0,0.05,0.95,0.35,True,294,direct,3479.923196168626,1.163091829919443,0.8730911863828239,29011.591576875595,20289.027862302515,0.25136221628889666,-5.684341886080802e-14,47.61527832141411,0.0026187692820447417,36.49290445535819,0.0,36.49290445535819,0.5701885056815912,0.04974294584436717,3.660667521902331,10.90621511062879,39.96100414650424,12.807786657780365,15.81820810833917,3173.6569880830048,339.05658846465496,-120.662733930568,3392.050842617092,-4.460263081043192e-08,4.022252472942274e-11,-1.0468148929644865e-07,473.25431636925856,2,67.51500202902557,90.94006166111424,0.0,631.7093800593983,540.7693183982841,0.12634187601187966,1.5,V2,0.003746391231252261,0.45016663581389504,135.50633025169373
"kin once-through (1,5,5) n=1.5 V2 phi=0.1",kinetic,kinetic,1.0,5.0,5.0,0.1,1.0,0.0,0.35,True,1,once-through,2991.959109892165,1.0,0.8730911863828243,7808.562485297292,0.0,0.8027570036148373,72.4710676344892,6.819394432811578,0.007732799000054857,31.375772330793286,0.0,31.375772330793286,0.0,0.0,0.0,16.023349349319176,58.71048051903985,11.02661465444016,15.202648762421115,2728.6383640944473,124.44110822648754,-16.854065088750342,2836.2254072321844,-8.066350528289049e-16,-1.8858964273721986e-15,-9.529988650077333e-16,406.89333739197235,2,67.51500202902557,90.94006166111424,0.0,565.3484010821121,474.4083394209979,0.11306968021642243,1.5,V2,0.003746391231252261,0.45016663581389504,0.5185010433197021
"kin recycle (1,5,5) n=1.5 V2 phi=0.1",kinetic,kinetic,1.0,5.0,5.0,0.1,0.05,0.95,0.35,True,305,direct,3503.7111297747024,1.171042451145324,0.8730911863828242,28653.381788805233,19886.26110545235,0.25263607332979876,21.783162502636344,46.66375040741235,0.0026267642697103133,36.7423613368298,0.0,36.7423613368298,0.8196453828251595,0.07150543282299252,3.8391226959898375,10.65675824353668,39.04697973023111,12.764073366700808,16.20656713046373,3195.351358178328,282.754455851853,-118.24917081329346,3359.8566432168877,-4.429925997640613e-08,1.2821417733204083e-10,-1.0405535963127478e-07,476.48937117419666,2,67.51500202902557,90.94006166111424,0.0,634.9444348643365,544.0043732032223,0.12698888697286728,1.5,V2,0.003746391231252261,0.45016663581389504,141.02380108833313
"kin once-through (1,5,5) n=1.5 V2 phi=1",kinetic,kinetic,1.0,5.0,5.0,1.0,1.0,0.0,0.35,True,1,once-through,2991.959109892165,1.0,0.8730911863828243,7808.562485297292,0.0,0.8360542138116118,410.0006319427217,3.481342961681321,0.006395417335328113,31.375772330793286,0.0,31.375772330793286,0.0,0.0,0.0,16.02334934931925,58.71048051904012,8.94223149688772,21.774564054955693,2728.6383640944473,-739.5587610237496,-8.584312378395929,1980.4952906923018,6.914014738533471e-16,1.382990713406279e-15,-2.3824971625193333e-16,406.89333739197235,2,67.51500202902557,90.94006166111424,0.0,565.3484010821121,474.4083394209979,0.11306968021642243,1.5,V2,0.003746391231252261,0.45016663581389504,0.5535926818847656
"kin recycle (1,5,5) n=1.5 V2 phi=1",kinetic,kinetic,1.0,5.0,5.0,1.0,0.05,0.95,0.35,True,428,direct,4283.76236134259,1.431758324229566,0.8730911863828242,16873.859709684653,6645.631939554892,0.5099406500916415,734.1449402774628,17.410593456643255,0.00427431710922388,44.922523213745,2.812828095444253e-20,44.922523213745,8.999807257070092,0.7851384595398617,9.69100460520261,2.4765980103869163,9.074398621190392,11.218864842367607,29.940119696950802,3906.7506916043712,-1535.9621818471937,-43.871601154029285,2326.9169086031484,-9.6200218269007e-09,2.1540658702873856e-10,-2.47768941971079e-08,582.572922884506,2,67.51500202902557,90.94006166111424,0.0,741.0279865746459,650.0879249135317,0.14820559731492916,1.5,V2,0.003746391231252261,0.45016663581389504,198.56010818481445
"kin once-through (1,5,5) native V1 phi=0",kinetic,kinetic,1.0,5.0,5.0,0.0,1.0,0.0,0.35,True,1,once-through,2991.959109892165,1.0,0.8730911863828243,7808.562485297292,0.0,0.8055242606889389,0.0,137.06783671666915,0.14362424823961395,31.375772330793286,0.0,31.375772330793286,0.0,0.0,0.0,16.02334934931923,58.710480519040054,10.42831590520829,18.24434588315267,2728.6383640944473,313.8140109366329,-293.3600666324912,2749.092308398589,3.4570073692667354e-16,1.8858964273721986e-15,3.5737457437790004e-16,406.89333739197235,2,67.51500202902557,90.94006166111424,0.0,565.3484010821121,474.4083394209979,0.11306968021642243,native,V1,1.0,1.0,0.557919979095459
"kin recycle (1,5,5) native V1 phi=0",kinetic,kinetic,1.0,5.0,5.0,0.0,0.05,0.95,0.35,True,314,direct,3570.344811533202,1.193313371071399,0.8730911863828241,26606.688490225944,17714.756844854983,0.27221969278640323,-1.1368683772161603e-13,126.79954363841568,0.01036504111054748,37.44112865002767,0.46226920286495554,37.90339785289263,1.9806818870638188,0.172793647822416,4.669698995885377,9.495722098349002,34.79287601583892,12.53726361267838,18.22039310912847,3256.1206446922924,333.3233236141148,-368.1179909648641,3221.3259773415434,-3.647474485956845e-08,-4.580276653158859e-11,-8.734300962254339e-08,485.5512601097068,2,67.51500202902557,90.94006166111424,0.0,644.0063237998465,553.0662621387323,0.1288012647599693,native,V1,1.0,1.0,146.333261013031
"kin once-through (1,5,5) native V1 phi=0.1",kinetic,kinetic,1.0,5.0,5.0,0.1,1.0,0.0,0.35,True,1,once-through,2991.959109892165,1.0,0.8730911863828243,7808.562485297292,0.0,0.8438311519567141,565.1190403089155,67.55081535043598,0.17354933075496437,31.375772330793286,0.0,31.375772330793286,0.0,0.0,0.0,16.023349349319183,58.710480519039876,7.4740753465194345,26.87466726755206,2728.6383640944473,-1139.5587910162205,-142.89106718785692,1446.18850589037,-6.914014738533471e-16,-3.771792854744397e-16,3.5737457437790004e-16,406.89333739197235,2,67.51500202902557,90.94006166111424,0.0,565.3484010821121,474.4083394209979,0.11306968021642243,native,V1,1.0,1.0,0.5460610389709473
"kin recycle (1,5,5) native V1 phi=0.1",kinetic,kinetic,1.0,5.0,5.0,0.1,0.05,0.95,0.35,True,26,direct,4503.431494592018,1.5051781555779111,0.8730911863828243,13359.492515485434,2719.8044279458145,0.922007962796572,884.1196034692496,59.80519166103795,0.2228923609543333,47.22612712669593,0.0,47.22612712669593,11.303411172482603,0.9861036555573799,11.338944862015518,0.1729945617928353,0.6338620989044117,10.7426030061538,34.17043872476867,4107.086860106811,-1930.8952136467822,-126.63214996346491,2049.559496496564,1.767176073737565e-10,-2.5331323094534827e-10,2.7142634661458947e-10,612.4469630925898,2,67.51500202902557,90.94006166111424,0.0,770.9020267827296,679.9619651216154,0.15418040535654592,native,V1,1.0,1.0,11.818738222122192
"kin once-through (1,5,5) native V1 phi=1",kinetic,kinetic,1.0,5.0,5.0,1.0,1.0,0.0,0.35,True,1,once-through,2991.959109892165,1.0,0.8730911863828243,7808.562485297292,0.0,0.843832462109307,564.9672681433785,67.56475772760427,0.17351749171404107,31.375772330793286,0.0,31.375772330793286,0.0,0.0,0.0,16.02334934931915,58.71048051903977,7.474883800373357,26.872393035459332,2728.6383640944473,-1139.163945093299,-142.92142552126512,1446.5529934798833,-1.2675693687311363e-15,-1.382990713406279e-15,-9.529988650077333e-16,406.89333739197235,2,67.51500202902557,90.94006166111424,0.0,565.3484010821121,474.4083394209979,0.11306968021642243,native,V1,1.0,1.0,0.6014320850372314
"kin recycle (1,5,5) native V1 phi=1",kinetic,kinetic,1.0,5.0,5.0,1.0,0.05,0.95,0.35,True,26,direct,4503.649537330212,1.5052510318205956,0.8730911863828246,13356.580701613944,2716.484200143164,0.9221792978601483,884.4368480067177,59.678892009118044,0.22574085858971116,47.228413675094686,0.0,47.228413675094686,11.305697720523984,0.9863031328079024,11.340580601186947,0.17070801505133842,0.6254840591453129,10.742203809883648,34.173992695774835,4107.285713018429,-1931.6937796852874,-126.3373338046503,2049.254599528492,2.116815494393623e-10,-2.2446693637154858e-10,2.9250417988653986e-10,612.4766159501918,2,67.51500202902557,90.94006166111424,0.0,770.9316796403316,679.9916179792174,0.15418633592806633,native,V1,1.0,1.0,11.860448122024536
"kin once-through (1,10,10) n=0.5 V1 phi=0",kinetic,kinetic,1.0,10.0,10.0,0.0,1.0,0.0,0.35,True,1,once-through,2991.959109892165,1.0,0.8730911863828243,7808.562485297292,0.0,0.8055478031963215,0.0,31.972503898608863,0.033501855335089537,31.375772330793286,0.0,31.375772330793286,0.0,0.0,0.0,16.02334934931923,58.710480519040054,11.309067864042225,14.36473121867239,2728.6383640944473,313.82318256439,-80.97511229011712,2961.4864343687204,3.4570073692667354e-16,-7.543585709488794e-16,5.956242906298334e-16,578.9714769297437,3,96.18648434770743,129.38674217714924,0.0,804.5447034546004,675.1579612774511,0.16090894069092007,0.5,V1,3.355249002046492e-05,1.0,0.5375070571899414
"kin recycle (1,10,10) n=0.5 V1 phi=0",kinetic,kinetic,1.0,10.0,10.0,0.0,0.05,0.95,0.35,True,280,direct,3647.7281768994517,1.219177148791623,0.8730911863828243,24899.380967278383,15862.503222267256,0.29259054762535597,0.0,194.56591807256154,0.017568147843259774,38.252624651391635,0.6826995795602233,38.93532423095186,3.012608264416196,0.2628183631446816,5.407913152800831,8.46379586423932,31.0118384971533,12.353311359381586,19.85424982581409,3326.6935408201057,347.5551306946931,-581.9379305682995,3092.310740946499,-3.343777828986499e-08,2.0862025159805396e-10,-8.036756778507955e-08,705.8687944748796,3,96.18648434770743,129.38674217714924,0.0,931.4420209997362,802.055278822587,0.18628840419994724,0.5,V1,3.355249002046492e-05,1.0,132.05059909820557
"kin once-through (1,10,10) n=0.5 V1 phi=0.1",kinetic,kinetic,1.0,10.0,10.0,0.1,1.0,0.0,0.35,True,1,once-through,2991.959109892165,1.0,0.8730911863828243,7808.562485297292,0.0,0.8053860953372975,6.3056288987843345,31.63865314394434,0.03337253601275558,31.375772330793286,0.0,31.375772330793286,0.0,0.0,0.0,16.023349349319187,58.71048051903989,11.273263351625639,14.469542029042623,2728.6383640944473,297.3768551091014,-80.12922637090153,2945.8859928326474,-5.761678948777892e-16,0.0,-1.1912485812596667e-15,578.9714769297437,3,96.18648434770743,129.38674217714924,0.0,804.5447034546004,675.1579612774511,0.16090894069092007,0.5,V1,3.355249002046492e-05,1.0,0.5875821113586426
"kin recycle (1,10,10) n=0.5 V1 phi=0.1",kinetic,kinetic,1.0,10.0,10.0,0.1,0.05,0.95,0.35,True,281,direct,3652.4793553585905,1.2207651312087056,0.873091186382824,24846.648452183643,15800.871316675766,0.2927409489482252,3.7449592054127834,194.98167391143016,0.017605572874488495,38.30244882617537,0.6706579494820011,38.97310677565737,3.050390808475044,0.266114492449735,5.434941834283383,8.426013291019679,30.87340095949422,12.346759571749113,19.912364072131112,3331.026570564867,337.85210861539207,-581.4262509274829,3087.4524282527764,-3.403935346040321e-08,2.2682568989647722e-10,-8.18348215151256e-08,706.7881910002372,3,96.18648434770743,129.38674217714924,0.0,932.3614175250939,802.9746753479446,0.18647228350501877,0.5,V1,3.355249002046492e-05,1.0,132.77753400802612
"kin once-through (1,10,10) n=0.5 V1 phi=1",kinetic,kinetic,1.0,10.0,10.0,1.0,1.0,0.0,0.35,True,1,once-through,2991.959109892165,1.0,0.8730911863828243,7808.562485297292,0.0,0.8045419261916731,61.20367977007447,28.7939796401717,0.032238806833561284,31.375772330793286,0.0,31.375772330793286,0.0,0.0,0.0,16.023349349319222,58.71048051904002,10.960084270806886,15.392763954711295,2728.6383640944473,154.41148072017282,-72.92188612395675,2810.127958690663,2.3046715795111567e-16,-1.5087171418977588e-15,1.3103734393856334e-15,578.9714769297437,3,96.18648434770743,129.38674217714924,0.0,804.5447034546004,675.1579612774511,0.16090894069092007,0.5,V1,3.355249002046492e-05,1.0,0.5711328983306885
"kin recycle (1,10,10) n=0.5 V1 phi=1",kinetic,kinetic,1.0,10.0,10.0,1.0,0.05,0.95,0.35,True,296,direct,3699.1028510912183,1.2363480633345085,0.8730911863828238,24332.08736541052,15198.980170967483,0.29460255551601,40.37554902797581,199.18034015881767,0.017983970310274544,38.79137535680086,0.5505409096127762,39.34191626641364,3.419200296167474,0.2982892385036621,5.698778860906768,8.057203872327579,29.52206187805049,12.282459061082735,20.482710875898437,3373.5467569884186,243.012578393436,-576.4525281337455,3040.106807248109,-3.2518984089947596e-08,3.560064520107605e-10,-7.84067243747586e-08,715.810264228011,3,96.18648434770743,129.38674217714924,0.0,941.3834907528676,811.9967485757184,0.18827669815057352,0.5,V1,3.355249002046492e-05,1.0,139.71929597854614
"kin once-through (1,10,10) n=0.5 V2 phi=0",kinetic,kinetic,1.0,10.0,10.0,0.0,1.0,0.0,0.35,True,1,once-through,2991.959109892165,1.0,0.8730911863828243,7808.562485297292,0.0,0.38202277056266054,0.0,0.9875334975068881,0.0010347705164703846,31.375772330793286,0.0,31.375772330793286,0.0,0.0,0.0,16.0233493493192,58.71048051903995,12.310562217022117,6.577531611551627,2728.6383640944473,148.82742053834667,-2.2676383810887515,2875.1981462517056,-2.3046715795111567e-16,-2.514528569829598e-16,2.3824971625193333e-16,578.9714769297437,3,96.18648434770743,129.38674217714924,0.0,804.5447034546004,675.1579612774511,0.16090894069092007,0.5,V2,3.355249002046492e-05,0.03225335662691753,0.547307014465332
"kin recycle (1,10,10) n=0.5 V2 phi=0",kinetic,kinetic,1.0,10.0,10.0,0.0,0.05,0.95,0.35,True,303,direct,3431.411152910595,1.146877690128014,0.8730911863828243,29909.151831763644,21277.45559785061,0.14493618240038575,-5.684341886080802e-14,5.132177336460359,0.0002702640913052612,35.98417329672263,0.0,35.98417329672263,0.0614573437695365,0.005361506400786446,3.296734055955736,11.41494631238013,41.82502474910808,13.082846750996568,13.366999560392198,3129.4144642073197,300.83205943919995,-13.00232537109375,3417.244198275426,-4.369299837144456e-08,2.6701778883020504e-12,-1.0684397880874031e-07,664.0094701111885,3,96.18648434770743,129.38674217714924,0.0,889.5826966360452,760.1959544588959,0.17791653932720902,0.5,V2,3.355249002046492e-05,0.03225335662691753,140.08325481414795
"kin once-through (1,10,10) n=0.5 V2 phi=0.1",kinetic,kinetic,1.0,10.0,10.0,0.1,1.0,0.0,0.35,True,1,once-through,2991.959109892165,1.0,0.8730911863828243,7808.562485297292,0.0,0.40348494320133577,28.453447460279335,0.940625112713974,0.0010159070791136982,31.375772330793286,0.0,31.375772330793286,0.0,0.0,0.0,16.023349349319187,58.71048051903989,12.097534551373963,7.455530299094464,2728.6383640944473,83.26064795684391,-2.1636394119305082,2809.735372639361,-5.761678948777892e-16,-1.1315378564233193e-15,-1.1912485812596667e-15,578.9714769297437,3,96.18648434770743,129.38674217714924,0.0,804.5447034546004,675.1579612774511,0.16090894069092007,0.5,V2,3.355249002046492e-05,0.03225335662691753,0.5511159896850586
"kin recycle (1,10,10) n=0.5 V2 phi=0.1",kinetic,kinetic,1.0,10.0,10.0,0.1,0.05,0.95,0.35,True,306,direct,3437.751960382835,1.1489969729254546,0.8730911863828245,29812.433555147847,21168.860410644003,0.1459517153412795,5.566996011510128,5.117970667253587,0.0002711016387949572,36.05066743127975,0.0,36.05066743127975,0.12795147702178955,0.011162419671356687,3.3443022861372063,11.348452151498115,41.58138629050708,13.068825999929796,13.491672934355979,3135.1972205527863,286.92647210943153,-12.966261544816758,3409.157431117401,-4.424838619502568e-08,2.644491978961241e-11,-1.0835295292309867e-07,665.2364744024552,3,96.18648434770743,129.38674217714924,0.0,890.8097009273118,761.4229587501626,0.17816194018546236,0.5,V2,3.355249002046492e-05,0.03225335662691753,140.9853219985962
"kin once-through (1,10,10) n=0.5 V2 phi=1",kinetic,kinetic,1.0,10.0,10.0,1.0,1.0,0.0,0.35,True,1,once-through,2991.959109892165,1.0,0.8730911863828243,7808.562485297292,0.0,0.5439533314675531,219.59418635552197,0.6559101187477836,0.0008926909954072304,31.375772330793286,0.0,31.375772330793286,0.0,0.0,0.0,16.0233493493192,58.71048051903994,10.673370019532317,13.29112348481552,2728.6383640944473,-358.63927256833006,-1.5277820709634709,2368.471309455154,-2.3046715795111567e-16,-2.514528569829598e-16,8.338740068817667e-16,578.9714769297437,3,96.18648434770743,129.38674217714924,0.0,804.5447034546004,675.1579612774511,0.16090894069092007,0.5,V2,3.355249002046492e-05,0.03225335662691753,0.5551309585571289
"kin recycle (1,10,10) n=0.5 V2 phi=1",kinetic,kinetic,1.0,10.0,10.0,1.0,0.05,0.95,0.35,True,342,direct,3499.5037653764466,1.1696362272486318,0.8730911863828243,28870.563286874574,20111.323380693968,0.15634491194123423,59.78481496967777,4.977612124370921,0.00027969249890802406,36.69823997600107,0.0,36.69823997600107,0.7755240114577585,0.06765630755189589,3.8075593850028815,10.700879726689633,39.208643401205904,12.9324553979422,14.70428125014369,3191.5142817053074,151.4622579604255,-12.609924774865044,3330.366614890868,-4.171853253042955e-08,2.4048385472922066e-10,-1.034745058700537e-07,677.1860139606736,3,96.18648434770743,129.38674217714924,0.0,902.7592404855302,773.372498308381,0.18055184809710603,0.5,V2,3.355249002046492e-05,0.03225335662691753,156.62053728103638
"kin once-through (1,10,10) n=1 V1 phi=0",kinetic,kinetic,1.0,10.0,10.0,0.0,1.0,0.0,0.35,True,1,once-through,2991.959109892165,1.0,0.8730911863828243,7808.562485297292,0.0,0.8055478031963215,0.0,32.30545171855698,0.033850729159092374,31.375772330793286,0.0,31.375772330793286,0.0,0.0,0.0,16.023349349319222,58.71048051904003,11.306376714389604,14.376180652284049,2728.6383640944473,313.82318256439,-81.66982795537172,2960.791718703466,2.3046715795111567e-16,1.257264284914799e-16,1.0721237231337001e-15,578.9714769297437,3,96.18648434770743,129.38674217714924,0.0,804.5447034546004,675.1579612774511,0.16090894069092007,1.0,V1,0.00010540627106346914,1.0,0.64947509765625
"kin recycle (1,10,10) n=1 V1 phi=0",kinetic,kinetic,1.0,10.0,10.0,0.0,0.05,0.95,0.35,True,280,direct,3647.7670952858316,1.2191901564514707,0.8730911863828246,24898.714605868463,15861.76396317082,0.2925963282220191,0.0,194.59999978675597,0.017571069380301174,38.253032776765586,0.6826666951522544,38.93569947191784,3.0129835053611997,0.26285109896769443,5.408181590742952,8.463420621314405,31.010463585332253,12.353230324565015,19.85496711814448,3326.729034019794,347.5423734208029,-582.0023266072393,3092.2690808333577,-3.347910681296458e-08,2.0867192516016394e-10,-8.046793607691902e-08,705.8763255389126,3,96.18648434770743,129.38674217714924,0.0,931.4495520637693,802.06280988662,0.18628991041275386,1.0,V1,0.00010540627106346914,1.0,123.8688850402832
"kin once-through (1,10,10) n=1 V1 phi=0.1",kinetic,kinetic,1.0,10.0,10.0,0.1,1.0,0.0,0.35,True,1,once-through,2991.959109892165,1.0,0.8730911863828243,7808.562485297292,0.0,0.8050870470767197,19.672014864477433,31.263193425228337,0.03344808123879295,31.375772330793286,0.0,31.375772330793286,0.0,0.0,0.0,16.023349349319176,58.71048051903985,11.194607093976483,14.703805267955625,2728.6383640944473,262.5317138450584,-79.03154803179353,2912.138529907712,-8.066350528289049e-16,8.800849994403594e-16,-4.764994325038667e-16,578.9714769297437,3,96.18648434770743,129.38674217714924,0.0,804.5447034546004,675.1579612774511,0.16090894069092007,1.0,V1,0.00010540627106346914,1.0,0.6783888339996338
"kin recycle (1,10,10) n=1 V1 phi=0.1",kinetic,kinetic,1.0,10.0,10.0,0.1,0.05,0.95,0.35,True,284,direct,3662.960311353247,1.2242681723966695,0.8730911863828242,24730.26911193879,15664.86019013246,0.29310294966794026,11.966765042897805,195.93827969436228,0.017691607884225302,38.41235944895428,0.6440351930531807,39.056394642007454,3.133678673910947,0.2733804820980507,5.494523877485962,8.342725422063506,30.568229381366486,12.332277276712453,20.040820433283347,3340.585103141346,316.5411574972986,-580.3714958187018,3076.7547648199425,-3.409433508840698e-08,2.5906094035026475e-10,-8.201694686484493e-08,708.8163519305776,3,96.18648434770743,129.38674217714924,0.0,934.3895784554343,805.002836278285,0.18687791569108686,1.0,V1,0.00010540627106346914,1.0,124.18807625770569
"kin once-through (1,10,10) n=1 V1 phi=1",kinetic,kinetic,1.0,10.0,10.0,1.0,1.0,0.0,0.35,True,1,once-through,2991.959109892165,1.0,0.8730911863828243,7808.562485297292,0.0,0.806261562718838,178.22247212807713,23.38125311983174,0.030125520424176377,31.375772330793286,0.0,31.375772330793286,0.0,0.0,0.0,16.0233493493192,58.71048051903994,10.281261076110784,17.43686805532273,2728.6383640944473,-148.9576442345552,-59.08670602813968,2520.5940138317524,-2.3046715795111567e-16,-6.286321424573996e-16,-5.956242906298334e-16,578.9714769297437,3,96.18648434770743,129.38674217714924,0.0,804.5447034546004,675.1579612774511,0.16090894069092007,1.0,V1,0.00010540627106346914,1.0,0.6054840087890625
"kin recycle (1,10,10) n=1 V1 phi=1",kinetic,kinetic,1.0,10.0,10.0,1.0,0.05,0.95,0.35,True,152,wegstein,3852.4800487965204,1.2876111963092203,0.873091186382824,22663.46251411575,13243.06584245884,0.3059113081815832,160.93637972042768,212.9354120301614,0.019365610432446778,40.39979574597846,0.1406132136571839,40.54040895963564,4.617692985489827,0.4028451114225092,6.556150367157911,6.858712629953668,25.130720517161848,12.06915242384574,22.37491253230688,3513.425308286884,-68.29382665679367,-557.9952398792522,2887.1362417508385,-1.9098073579831933e-09,-7.457749762229091e-10,-3.810475426841247e-09,745.4901560384232,3,96.18648434770743,129.38674217714924,0.0,971.0633825632798,841.6766403861305,0.19421267651265595,1.0,V1,0.00010540627106346914,1.0,69.28907871246338
"kin once-through (1,10,10) n=1 V2 phi=0",kinetic,kinetic,1.0,10.0,10.0,0.0,1.0,0.0,0.35,True,1,once-through,2991.959109892165,1.0,0.8730911863828243,7808.562485297292,0.0,0.7035442015768147,0.0,3.3124306808565507,0.0034708752817564914,31.375772330793286,0.0,31.375772330793286,0.0,0.0,0.0,16.023349349319204,58.710480519039955,11.677512957892036,12.134613093492419,2728.6383640944473,274.0848892362379,-8.074802033806554,2994.6484512968786,-2.3046715795111567e-16,0.0,1.1912485812596666e-16,578.9714769297437,3,96.18648434770743,129.38674217714924,0.0,804.5447034546004,675.1579612774511,0.16090894069092007,1.0,V2,0.00010540627106346914,0.101325,0.5736360549926758
"kin recycle (1,10,10) n=1 V2 phi=0",kinetic,kinetic,1.0,10.0,10.0,0.0,0.05,0.95,0.35,True,300,direct,3445.922845733161,1.1517279211270228,0.8730911863828246,29613.980201664563,20955.102243826077,0.23198522547626066,0.0,17.840397157884524,0.0009515876328548556,36.13635304029935,0.0,36.13635304029935,0.21363708794375755,0.018637587376882356,3.4055996140933114,11.26276640830352,41.26742876222043,12.892060779787553,15.069730241106125,3142.6489905859407,334.23879785731,-45.209070427155666,3431.6787180160954,-4.7079134554502586e-08,9.031935169970934e-12,-1.107488037439642e-07,666.8176155161362,3,96.18648434770743,129.38674217714924,0.0,892.3908420409929,763.0040998638436,0.17847816840819858,1.0,V2,0.00010540627106346914,0.101325,127.36261677742004
"kin once-through (1,10,10) n=1 V2 phi=0.1",kinetic,kinetic,1.0,10.0,10.0,0.1,1.0,0.0,0.35,True,1,once-through,2991.959109892165,1.0,0.8730911863828243,7808.562485297292,0.0,0.7198320181120016,52.74029749886233,3.0606108229600864,0.003394606310870296,31.375772330793286,0.0,31.375772330793286,0.0,0.0,0.0,16.02334934931919,58.7104805190399,11.328877403555996,13.356084095329816,2728.6383640944473,143.40003863497415,-7.469973422264876,2864.5684293071563,-4.6093431590223135e-16,-2.765981426812558e-15,-1.1912485812596666e-16,578.9714769297437,3,96.18648434770743,129.38674217714924,0.0,804.5447034546004,675.1579612774511,0.16090894069092007,1.0,V2,0.00010540627106346914,0.101325,0.5699071884155273
"kin recycle (1,10,10) n=1 V2 phi=0.1",kinetic,kinetic,1.0,10.0,10.0,0.1,0.05,0.95,0.35,True,306,direct,3458.041704106414,1.1557783970620665,0.8730911863828241,29430.25084993785,20748.6731652914,0.2333015796316663,10.7317955223823,17.721361588214904,0.0009560685676849312,36.263439851068625,0.0,36.263439851068625,0.340723896300559,0.02972457380792072,3.4965143196980404,11.13567962836182,40.801775436231395,12.8688125552876,15.27630679019039,3153.701274615141,306.70425681253505,-44.90704838215016,3415.4984830455255,-4.642875185588854e-08,5.5126009836374284e-11,-1.0931038013558237e-07,669.1627255505168,3,96.18648434770743,129.38674217714924,0.0,894.7359520753735,765.3492098982242,0.1789471904150747,1.0,V2,0.00010540627106346914,0.101325,129.04696106910706
"kin once-through (1,10,10) n=1 V2 phi=1",kinetic,kinetic,1.0,10.0,10.0,1.0,1.0,0.0,0.35,True,1,once-through,2991.959109892165,1.0,0.8730911863828243,7808.562485297292,0.0,0.8050584103605933,343.4198331175012,1.7986382737916529,0.0029440967977252264,31.375772330793286,3.516035119305316e-21,31.375772330793286,3.516035119305316e-21,3.067370576287365e-22,2.5152830245177848e-21,16.0233493493192,58.71048051903995,9.415171221212828,20.013949401289125,2728.6383640944473,-578.6433203368272,-4.417423796203754,2145.577619961416,-2.3046715795111567e-16,-1.0058114279318392e-15,-2.0251225881414334e-15,578.9714769297437,3,96.18648434770743,129.38674217714924,0.0,804.5447034546004,675.1579612774511,0.16090894069092007,1.0,V2,0.00010540627106346914,0.101325,0.5584588050842285
"kin recycle (1,10,10) n=1 V2 phi=1",kinetic,kinetic,1.0,10.0,10.0,1.0,0.05,0.95,0.35,True,401,direct,3597.258018100047,1.2023085496745636,0.873091186382824,27319.21616130237,18376.873625913737,0.25099439619903197,134.02992256789605,16.338127847783426,0.0010150440529871352,37.72335932595546,0.0,37.72335932595546,1.8006433529780268,0.15708718064236749,4.540903965347411,9.675760507617861,35.45254718006448,12.5998297425099,17.666499983648308,3280.665234120773,-9.254434390821103,-41.396773662408904,3230.014026067543,-3.895724489815469e-08,5.164519822773056e-10,-9.279899138001232e-08,696.1023567303415,3,96.18648434770743,129.38674217714924,0.0,921.6755832551981,792.2888410780489,0.18433511665103963,1.0,V2,0.00010540627106346914,0.101325,152.50487995147705
"kin once-through (1,10,10) n=1.5 V1 phi=0",kinetic,kinetic,1.0,10.0,10.0,0.0,1.0,0.0,0.35,True,1,once-through,2991.959109892165,1.0,0.8730911863828243,7808.562485297292,0.0,0.8055478031963215,0.0,33.34388803803449,0.03493883734918213,31.375772330793286,5.625656190888506e-20,31.375772330793286,5.625656190888506e-20,4.907792922059784e-21,4.0244528392284557e-20,16.02334934931925,58.71048051904013,11.297983167348754,14.411891129189096,2728.6383640944473,313.82318256439,-83.83657086472793,2958.6249757941096,8.066350528289049e-16,8.800849994403594e-16,1.6677480137635334e-15,578.9714769297437,3,96.18648434770743,129.38674217714924,0.0,804.5447034546004,675.1579612774511,0.16090894069092007,1.5,V1,0.0003311373305745366,1.0,0.5700302124023438
"kin recycle (1,10,10) n=1.5 V1 phi=0",kinetic,kinetic,1.0,10.0,10.0,0.0,0.05,0.95,0.35,True,280,direct,3647.8893252909306,1.2192310092842165,0.8730911863828241,24896.621755107193,15859.442164464283,0.2926144854993128,-5.684341886080802e-14,194.7070393749393,0.017580246656087595,38.254314565944924,0.6825634279765205,38.93687799392144,3.0141620272889798,0.26295391260186246,5.409024675720523,8.462242091969419,31.006145385520117,12.352975818931524,19.857219914416355,3326.8405066265077,347.5023050920529,-582.2045732534734,3092.138238465087,-3.3633991229363415e-08,2.0898925866567643e-10,-8.084346980641993e-08,705.8999781638254,3,96.18648434770743,129.38674217714924,0.0,931.473204688682,802.0864625115328,0.1862946409377364,1.5,V1,0.0003311373305745366,1.0,121.31261014938354
"kin once-through (1,10,10) n=1.5 V1 phi=0.1",kinetic,kinetic,1.0,10.0,10.0,0.1,1.0,0.0,0.35,True,1,once-through,2991.959109892165,1.0,0.8730911863828243,7808.562485297292,0.0,0.8045467053413335,60.430142687420584,30.13164903151676,0.033707317803503334,31.375772330793286,0.0,31.375772330793286,0.0,0.0,0.0,16.023349349319222,58.71048051904002,10.954021538035185,15.424264349134424,2728.6383640944473,156.42315210406974,-75.73068661329906,2809.330829585218,2.3046715795111567e-16,-1.5087171418977588e-15,1.6677480137635334e-15,578.9714769297437,3,96.18648434770743,129.38674217714924,0.0,804.5447034546004,675.1579612774511,0.16090894069092007,1.5,V1,0.0003311373305745366,1.0,0.5874967575073242
"kin recycle (1,10,10) n=1.5 V1 phi=0.1",kinetic,kinetic,1.0,10.0,10.0,0.1,0.05,0.95,0.35,True,296,direct,3698.5554096744695,1.2361650924459897,0.8730911863828245,24336.99535970813,15204.91357295789,0.2945957408002302,39.80546704556076,199.2710152488478,0.017992174294319985,38.785634503859406,0.5522885205922299,39.337923024451634,3.4152070543315256,0.29794087018264237,5.695922196118434,8.061197122315006,29.536693377400805,12.283087625635417,20.477128570416387,3373.0474956024864,244.42860098171093,-576.8275655716225,3040.648531012575,-3.23496681658186e-08,3.5094357446183715e-10,-7.799940968173285e-08,715.7043293024477,3,96.18648434770743,129.38674217714924,0.0,941.2775558273044,811.8908136501551,0.18825551116546088,1.5,V1,0.0003311373305745366,1.0,123.56538796424866
"kin once-through (1,10,10) n=1.5 V1 phi=1",kinetic,kinetic,1.0,10.0,10.0,1.0,1.0,0.0,0.35,True,1,once-through,2991.959109892165,1.0,0.8730911863828243,7808.562485297292,0.0,0.8289286707332844,433.8578767258862,13.2539822879462,0.025464316206347926,31.375772330793286,0.0,31.375772330793286,0.0,0.0,0.0,16.02334934931914,58.710480519039734,8.7520182128054,22.252820201013993,2728.6383640944473,-804.320773882317,-33.239771486073245,1891.0778187260569,-1.498036526682252e-15,-2.5145285698295983e-15,3.5737457437790004e-16,578.9714769297437,3,96.18648434770743,129.38674217714924,0.0,804.5447034546004,675.1579612774511,0.16090894069092007,1.5,V1,0.0003311373305745366,1.0,0.6231722831726074
"kin recycle (1,10,10) n=1.5 V1 phi=1",kinetic,kinetic,1.0,10.0,10.0,1.0,0.05,0.95,0.35,True,66,direct,4431.633963100664,1.4811813264588323,0.8730911863828241,14561.78041664403,4056.575652544906,0.7043929622402907,842.1188611528171,38.93120457002237,0.025869033839611144,46.473208079594755,5.625656190888506e-20,46.473208079594755,10.550492137639724,0.9204193942960751,10.800325526953786,0.9259134349955088,3.3926004796201275,10.907479037251049,32.707340919859035,4041.608191555873,-1806.9663807031307,-98.05506306064676,2136.5867477920956,-3.492094956962582e-09,-6.557940800686988e-10,-7.434244081044503e-09,857.5617401806276,3,96.18648434770743,129.38674217714924,0.0,1083.1349667054842,953.748224528335,0.21662699334109684,1.5,V1,0.0003311373305745366,1.0,30.798184871673584
"kin once-through (1,10,10) n=1.5 V2 phi=0",kinetic,kinetic,1.0,10.0,10.0,0.0,1.0,0.0,0.35,True,1,once-through,2991.959109892165,1.0,0.8730911863828243,7808.562485297292,0.0,0.8044739744308245,0.0,10.620422083182461,0.011128432272828226,31.375772330793286,0.0,31.375772330793286,0.0,0.0,0.0,16.023349349319204,58.710480519039955,11.437698439027496,14.002731877521123,2728.6383640944473,313.40484319410854,-26.28432853115682,3015.758878757399,-2.3046715795111567e-16,-1.382990713406279e-15,1.1912485812596667e-15,578.9714769297437,3,96.18648434770743,129.38674217714924,0.0,804.5447034546004,675.1579612774511,0.16090894069092007,1.5,V2,0.0003311373305745366,0.3183158808479401,0.5590009689331055
"kin recycle (1,10,10) n=1.5 V2 phi=0",kinetic,kinetic,1.0,10.0,10.0,0.0,0.05,0.95,0.35,True,297,direct,3488.350730657973,1.1659085577488721,0.8730911863828239,28863.24865942209,20124.899404274067,0.2530830803002361,0.0,54.99546200913909,0.003048176146388415,36.58128146645223,0.0,36.58128146645223,0.6585655154565765,0.05745290977264587,3.7238902111584875,10.81783816349596,39.63718589104102,12.790840869647093,15.968500880208532,3181.3428196996024,339.4519831379587,-139.3647177060671,3381.4300851314943,-4.3253213104758866e-08,2.5588094179442973e-11,-1.0155786886070929e-07,675.027799644893,3,96.18648434770743,129.38674217714924,0.0,900.6010261697496,771.2142839926004,0.18012020523394992,1.5,V2,0.0003311373305745366,0.3183158808479401,111.29287600517273
"kin once-through (1,10,10) n=1.5 V2 phi=0.1",kinetic,kinetic,1.0,10.0,10.0,0.1,1.0,0.0,0.35,True,1,once-through,2991.959109892165,1.0,0.8730911863828243,7808.562485297292,0.0,0.8074756391062486,86.28961812578876,9.315281834914742,0.0107311419617383,31.375772330793286,0.0,31.375772330793286,0.0,0.0,0.0,16.023349349319222,58.71048051904002,10.918206613095144,15.580206973013436,2728.6383640944473,90.37592584923179,-23.035366796915973,2795.978923146763,2.3046715795111567e-16,3.771792854744397e-16,1.1912485812596667e-15,578.9714769297437,3,96.18648434770743,129.38674217714924,0.0,804.5447034546004,675.1579612774511,0.16090894069092007,1.5,V2,0.0003311373305745366,0.3183158808479401,0.5575668811798096
"kin recycle (1,10,10) n=1.5 V2 phi=0.1",kinetic,kinetic,1.0,10.0,10.0,0.1,0.05,0.95,0.35,True,313,direct,3522.191469506802,1.1772191196937005,0.8730911863828239,28353.277406844056,19551.54136201761,0.25441709432160997,30.79858557992958,53.83198129089186,0.0030852415806966738,36.93615908296646,0.0,36.93615908296646,1.0134431265032722,0.08841224622326858,3.9777607256187935,10.462960601011162,38.33689393804848,12.72922031040818,16.515915313502582,3212.2052529417247,259.735187459146,-136.41234497856988,3335.528095422301,-4.2113330492649596e-08,1.4454767483665446e-10,-9.897744229179277e-08,681.5762923989951,3,96.18648434770743,129.38674217714924,0.0,907.1495189238517,777.7627767467025,0.18142990378477034,1.5,V2,0.0003311373305745366,0.3183158808479401,111.06082916259766
"kin once-through (1,10,10) n=1.5 V2 phi=1",kinetic,kinetic,1.0,10.0,10.0,1.0,1.0,0.0,0.35,True,1,once-through,2991.959109892165,1.0,0.8730911863828243,7808.562485297292,0.0,0.8512379076168887,492.74209651816125,3.8938649455816403,0.008435433701491357,31.375772330793286,0.0,31.375772330793286,0.0,0.0,0.0,16.0233493493192,58.71048051903994,8.409970867865855,23.53000343799367,2728.6383640944473,-948.6229979564702,-9.60083084126437,1770.414535296713,-2.3046715795111567e-16,-1.2572642849147991e-15,-2.3824971625193333e-16,578.9714769297437,3,96.18648434770743,129.38674217714924,0.0,804.5447034546004,675.1579612774511,0.16090894069092007,1.5,V2,0.0003311373305745366,0.3183158808479401,0.5732059478759766
"kin recycle (1,10,10) n=1.5 V2 phi=1",kinetic,kinetic,1.0,10.0,10.0,1.0,0.05,0.95,0.35,True,75,direct,4433.339421473638,1.481751340389616,0.8730911863828239,14608.04871946922,4099.649476322926,0.741293088697258,870.5105547579099,12.033019261149093,0.008309142137961079,46.491092706912475,0.0,46.491092706912475,10.56837676341136,0.9219796396576364,10.813119739173876,0.9080288057827117,3.32707016182594,10.897956555937785,32.7934285145927,4043.1635534354828,-1879.2921383549372,-30.01070323735979,2133.8607118431855,-3.5320763995239416e-09,-6.07642115220747e-10,-7.563765322913696e-09,857.8917619880051,3,96.18648434770743,129.38674217714924,0.0,1083.4649885128617,954.0782463357125,0.21669299770257236,1.5,V2,0.0003311373305745366,0.3183158808479401,33.72875118255615
"kin once-through (1,10,10) native V1 phi=0",kinetic,kinetic,1.0,10.0,10.0,0.0,1.0,0.0,0.35,True,1,once-through,2991.959109892165,1.0,0.8730911863828243,7808.562485297292,0.0,0.8055478031963215,0.0,213.2308906441432,0.22343043491328662,31.375772330793286,0.0,31.375772330793286,0.0,0.0,0.0,16.02334934931921,58.710480519039976,9.839094214959538,20.63944545444765,2728.6383640944473,313.82318256439,-458.102399443868,2584.3591472149697,0.0,-2.514528569829598e-16,8.338740068817667e-16,578.9714769297437,3,96.18648434770743,129.38674217714924,0.0,804.5447034546004,675.1579612774511,0.16090894069092007,native,V1,1.0,1.0,0.5445117950439453
"kin recycle (1,10,10) native V1 phi=0",kinetic,kinetic,1.0,10.0,10.0,0.0,0.05,0.95,0.35,True,143,wegstein,3897.6007549662445,1.3026918523317386,0.8730911863828245,20486.028914651382,10981.117045944586,0.3391587887103219,0.0,413.3850265727641,0.04416808779197001,40.872962975940055,0.5403490867514102,41.41331206269146,5.4905961196440405,0.4789967225071752,7.180603275807397,5.985809393567236,21.93235247702111,11.821671652289666,24.55994396927707,3554.5749648656424,257.06773551705254,-995.0348215860098,2816.607878796685,-4.722741528019107e-09,-1.5397468016287416e-09,-8.486284186972172e-09,754.2214257288509,3,96.18648434770743,129.38674217714924,0.0,979.7946522537076,850.4079100765583,0.1959589304507415,native,V1,1.0,1.0,60.72158193588257
"kin once-through (1,10,10) native V1 phi=0.1",kinetic,kinetic,1.0,10.0,10.0,0.1,1.0,0.0,0.35,True,1,once-through,2991.959109892165,1.0,0.8730911863828243,7808.562485297292,0.0,0.8962665018437945,737.1008407915883,99.01295756708987,0.4557570927560268,31.375772330793286,0.0,31.375772330793286,0.0,0.0,0.0,16.02334934931921,58.71048051903999,6.077678621639461,31.95538141962428,2728.6383640944473,-1565.975500101353,-208.30417611312515,954.3586878799692,0.0,1.6344435703892389e-15,-1.1912485812596666e-16,578.9714769297437,3,96.18648434770743,129.38674217714924,0.0,804.5447034546004,675.1579612774511,0.16090894069092007,native,V1,1.0,1.0,0.6154859066009521
"kin recycle (1,10,10) native V1 phi=0.1",kinetic,kinetic,1.0,10.0,10.0,0.1,0.05,0.95,0.35,True,18,direct,4512.570957043597,1.508232830496884,0.8730911863828242,13351.769856015559,2694.962721909607,0.9778625112021603,928.8928836470095,23.035545556188254,0.3223021532112954,47.32196991149821,0.0,47.32196991149821,11.39925395299294,0.9944649294045267,11.407508377866714,0.0771517887550463,0.2826886247040906,10.724386833497865,34.33541338235713,4115.421963280558,-2032.5029783959192,-49.008139534115436,2033.9108453505237,4.2491829126057874e-10,1.3496090893775062e-10,7.059553517289412e-11,873.2237894267093,3,96.18648434770743,129.38674217714924,0.0,1098.797015951566,969.4102737744167,0.2197594031903132,native,V1,1.0,1.0,8.903321027755737
"kin once-through (1,10,10) native V1 phi=1",kinetic,kinetic,1.0,10.0,10.0,1.0,1.0,0.0,0.35,True,1,once-through,2991.959109892165,1.0,0.8730911863828243,7808.562485297292,0.0,0.8962665080077826,737.100811036466,99.01295410892817,0.45575701441626415,31.375772330793286,0.0,31.375772330793286,0.0,0.0,0.0,16.02334934931919,58.7104805190399,6.077678819629441,31.95538085525828,2728.6383640944473,-1565.9754203900316,-208.30416932456652,954.3587743798493,-4.6093431590223135e-16,6.286321424573996e-16,-1.6677480137635334e-15,578.9714769297437,3,96.18648434770743,129.38674217714924,0.0,804.5447034546004,675.1579612774511,0.16090894069092007,native,V1,1.0,1.0,0.6150088310241699
"kin recycle (1,10,10) native V1 phi=1",kinetic,kinetic,1.0,10.0,10.0,1.0,0.05,0.95,0.35,True,18,direct,4512.571664548795,1.5082330669657564,0.8730911863828242,13351.76070818083,2694.952248853139,0.9778625824891579,928.894057336637,23.034991448077335,0.3223527884045073,47.32197733089164,0.0,47.32197733089164,11.399261372397044,0.9944655766694451,11.407513685514063,0.07714436931160111,0.28266143943337385,10.724385576972095,34.335424569400736,4115.42260851859,-2032.5060001129755,-49.00676517752895,2033.9098432280857,4.238632126114785e-10,1.3890079802738812e-10,7.000693924889372e-11,873.2239263354406,3,96.18648434770743,129.38674217714924,0.0,1098.7971528602973,969.410410683148,0.21975943057205946,native,V1,1.0,1.0,9.057683944702148
