case,config,y_CH4_biogas,h_H2_to_CFR,dTmin_K,CO2_carbon_fixed_fraction,C_total_tpd,Q_H_min_kW,H2_exportable_tpd,H2_fired_tpd,H2_after_heat_tpd,boundary,power_source,aux_power_kW,H2_for_aux_tpd,H2_net_final_tpd,self_sufficient,bottoming_heat_source_650K_kW,bottoming_power_eta0.20_kW,aux_residual_eta0.20_kW,H2_net_final_with_bottoming_eta0.20_tpd,bottoming_power_eta0.25_kW,aux_residual_eta0.25_kW,H2_net_final_with_bottoming_eta0.25_tpd
2b_y0.55 eq recycle h=0.35,2b_y0.55,0.55,0.35,20.0,0.8383980770666222,60.51831163276578,4749.480133367957,3.80683372648612,4.0246989337204635,-0.21786520723434366,excl. upgrading (submitted boundary),fuel cell 0.50,2445.0676868376177,3.5223063916028106,-3.740171598837154,False,3863.551552537045,772.7103105074091,1672.3573763302086,-2.627023492463936,965.8878881342613,1479.1797987033565,-2.348736465870631
2b_y0.55 eq recycle h=0.35,2b_y0.55,0.55,0.35,20.0,0.8383980770666222,60.51831163276578,4749.480133367957,3.80683372648612,4.0246989337204635,-0.21786520723434366,excl. upgrading (submitted boundary),H2 engine 0.40,2445.0676868376177,4.402882989503512,-4.620748196737855,False,3863.551552537045,772.7103105074091,1672.3573763302086,-3.229313063771334,965.8878881342613,1479.1797987033565,-2.881454280529703
2b_y0.55 eq recycle h=0.35,2b_y0.55,0.55,0.35,20.0,0.8383980770666222,60.51831163276578,4749.480133367957,3.80683372648612,4.0246989337204635,-0.21786520723434366,incl. upgrading (base 0.25 kWh/Nm3),fuel cell 0.50,3715.176995343735,5.3519956715636035,-5.569860878797947,False,3863.551552537045,772.7103105074091,2942.466684836326,-4.456712772424728,965.8878881342613,2749.289107209474,-4.178425745831426
2b_y0.55 eq recycle h=0.35,2b_y0.55,0.55,0.35,20.0,0.8383980770666222,60.51831163276578,4749.480133367957,3.80683372648612,4.0246989337204635,-0.21786520723434366,incl. upgrading (base 0.25 kWh/Nm3),H2 engine 0.40,3715.176995343735,6.689994589454503,-6.907859796688847,False,3863.551552537045,772.7103105074091,2942.466684836326,-5.516424663722324,965.8878881342613,2749.289107209474,-5.1685658804806955
2b_y0.55 eq recycle h=0.35,2b_y0.55,0.55,0.35,30.0,0.8383980770666222,60.51831163276578,4878.502978466419,3.80683372648612,4.134032606567123,-0.3271988800810033,excl. upgrading (submitted boundary),fuel cell 0.50,2445.0676868376177,3.5223063916028106,-3.849505271683814,False,3863.551552537045,772.7103105074091,1672.3573763302086,-2.736357165310596,965.8878881342613,1479.1797987033565,-2.4580701387172907
2b_y0.55 eq recycle h=0.35,2b_y0.55,0.55,0.35,30.0,0.8383980770666222,60.51831163276578,4878.502978466419,3.80683372648612,4.134032606567123,-0.3271988800810033,excl. upgrading (submitted boundary),H2 engine 0.40,2445.0676868376177,4.402882989503512,-4.730081869584515,False,3863.551552537045,772.7103105074091,1672.3573763302086,-3.3386467366179935,965.8878881342613,1479.1797987033565,-2.990787953376363
2b_y0.55 eq recycle h=0.35,2b_y0.55,0.55,0.35,30.0,0.8383980770666222,60.51831163276578,4878.502978466419,3.80683372648612,4.134032606567123,-0.3271988800810033,incl. upgrading (base 0.25 kWh/Nm3),fuel cell 0.50,3715.176995343735,5.3519956715636035,-5.679194551644606,False,3863.551552537045,772.7103105074091,2942.466684836326,-4.566046445271388,965.8878881342613,2749.289107209474,-4.287759418678085
2b_y0.55 eq recycle h=0.35,2b_y0.55,0.55,0.35,30.0,0.8383980770666222,60.51831163276578,4878.502978466419,3.80683372648612,4.134032606567123,-0.3271988800810033,incl. upgrading (base 0.25 kWh/Nm3),H2 engine 0.40,3715.176995343735,6.689994589454503,-7.017193469535506,False,3863.551552537045,772.7103105074091,2942.466684836326,-5.625758336568984,965.8878881342613,2749.289107209474,-5.277899553327355
2b_y0.55 eq recycle h=0.5,2b_y0.55,0.55,0.5,20.0,0.883728046473538,61.88607401501757,4588.820596720553,3.347766374270134,3.888556398605087,-0.540790024334953,excl. upgrading (submitted boundary),fuel cell 0.50,1863.2277161371344,2.684121559861418,-3.224911584196371,False,3872.257188987023,774.4514377974047,1088.7762783397297,-2.1092552512349236,968.0642972467557,895.1634188903787,-1.8303411679945623
2b_y0.55 eq recycle h=0.5,2b_y0.55,0.55,0.5,20.0,0.883728046473538,61.88607401501757,4588.820596720553,3.347766374270134,3.888556398605087,-0.540790024334953,excl. upgrading (submitted boundary),H2 engine 0.40,1863.2277161371344,3.355151949826772,-3.895941974161725,False,3872.257188987023,774.4514377974047,1088.7762783397297,-2.5013715579599163,968.0642972467557,895.1634188903787,-2.1527289539094645
2b_y0.55 eq recycle h=0.5,2b_y0.55,0.55,0.5,20.0,0.883728046473538,61.88607401501757,4588.820596720553,3.347766374270134,3.888556398605087,-0.540790024334953,incl. upgrading (base 0.25 kWh/Nm3),fuel cell 0.50,3133.3370246432514,4.513810839822211,-5.054600864157164,False,3872.257188987023,774.4514377974047,2358.885586845847,-3.938944531195717,968.0642972467557,2165.2727273964956,-3.660030447955355
2b_y0.55 eq recycle h=0.5,2b_y0.55,0.55,0.5,20.0,0.883728046473538,61.88607401501757,4588.820596720553,3.347766374270134,3.888556398605087,-0.540790024334953,incl. upgrading (base 0.25 kWh/Nm3),H2 engine 0.40,3133.3370246432514,5.642263549777763,-6.183053574112716,False,3872.257188987023,774.4514377974047,2358.885586845847,-4.788483157910908,968.0642972467557,2165.2727273964956,-4.439840553860455
2b_y0.55 eq recycle h=0.5,2b_y0.55,0.55,0.5,30.0,0.883728046473538,61.88607401501757,4697.1876865457025,3.347766374270134,3.9803864302343355,-0.6326200559642015,excl. upgrading (submitted boundary),fuel cell 0.50,1863.2277161371344,2.684121559861418,-3.3167416158256193,False,3872.257188987023,774.4514377974047,1088.7762783397297,-2.201085282864172,968.0642972467557,895.1634188903787,-1.9221711996238107
2b_y0.55 eq recycle h=0.5,2b_y0.55,0.55,0.5,30.0,0.883728046473538,61.88607401501757,4697.1876865457025,3.347766374270134,3.9803864302343355,-0.6326200559642015,excl. upgrading (submitted boundary),H2 engine 0.40,1863.2277161371344,3.355151949826772,-3.9877720057909736,False,3872.257188987023,774.4514377974047,1088.7762783397297,-2.5932015895891647,968.0642972467557,895.1634188903787,-2.244558985538713
2b_y0.55 eq recycle h=0.5,2b_y0.55,0.55,0.5,30.0,0.883728046473538,61.88607401501757,4697.1876865457025,3.347766374270134,3.9803864302343355,-0.6326200559642015,incl. upgrading (base 0.25 kWh/Nm3),fuel cell 0.50,3133.3370246432514,4.513810839822211,-5.146430895786413,False,3872.257188987023,774.4514377974047,2358.885586845847,-4.030774562824965,968.0642972467557,2165.2727273964956,-3.7518604795846033
2b_y0.55 eq recycle h=0.5,2b_y0.55,0.55,0.5,30.0,0.883728046473538,61.88607401501757,4697.1876865457025,3.347766374270134,3.9803864302343355,-0.6326200559642015,incl. upgrading (base 0.25 kWh/Nm3),H2 engine 0.40,3133.3370246432514,5.642263549777763,-6.274883605741964,False,3872.257188987023,774.4514377974047,2358.885586845847,-4.880313189540156,968.0642972467557,2165.2727273964956,-4.531670585489703
2b_y0.55 eq recycle h=0.75,2b_y0.55,0.55,0.75,20.0,0.9625301138167858,64.23430197116903,4566.022448908663,2.550625060225989,3.8692372987009365,-1.3186122384749477,excl. upgrading (submitted boundary),fuel cell 0.50,1010.2344032510924,1.4553196685489926,-2.7739319070239405,False,4074.208496623253,814.8416993246506,195.39270392644187,-1.6000903233629793,1018.5521241558132,0.0,-1.3186122384749477
2b_y0.55 eq recycle h=0.75,2b_y0.55,0.55,0.75,20.0,0.9625301138167858,64.23430197116903,4566.022448908663,2.550625060225989,3.8692372987009365,-1.3186122384749477,excl. upgrading (submitted boundary),H2 engine 0.40,1010.2344032510924,1.8191495856862407,-3.1377618241611884,False,4074.208496623253,814.8416993246506,195.39270392644187,-1.670459844584987,1018.5521241558132,0.0,-1.3186122384749477
2b_y0.55 eq recycle h=0.75,2b_y0.55,0.55,0.75,20.0,0.9625301138167858,64.23430197116903,4566.022448908663,2.550625060225989,3.8692372987009365,-1.3186122384749477,incl. upgrading (base 0.25 kWh/Nm3),fuel cell 0.50,2280.34371175721,3.2850089485097858,-4.603621186984734,False,4074.208496623253,814.8416993246506,1465.5020124325592,-3.4297796033237726,1018.5521241558132,1261.7915876013967,-3.1363192074085324
2b_y0.55 eq recycle h=0.75,2b_y0.55,0.55,0.75,20.0,0.9625301138167858,64.23430197116903,4566.022448908663,2.550625060225989,3.8692372987009365,-1.3186122384749477,incl. upgrading (base 0.25 kWh/Nm3),H2 engine 0.40,2280.34371175721,4.106261185637233,-5.42487342411218,False,4074.208496623253,814.8416993246506,1465.5020124325592,-3.9575714445359784,1018.5521241558132,1261.7915876013967,-3.5907459496419287
2b_y0.55 eq recycle h=0.75,2b_y0.55,0.55,0.75,30.0,0.9625301138167858,64.23430197116903,4622.553778896001,2.550625060225989,3.9171418223820362,-1.3665167621560474,excl. upgrading (submitted boundary),fuel cell 0.50,1010.2344032510924,1.4553196685489926,-2.82183643070504,False,4074.208496623253,814.8416993246506,195.39270392644187,-1.647994847044079,1018.5521241558132,0.0,-1.3665167621560474
2b_y0.55 eq recycle h=0.75,2b_y0.55,0.55,0.75,30.0,0.9625301138167858,64.23430197116903,4622.553778896001,2.550625060225989,3.9171418223820362,-1.3665167621560474,excl. upgrading (submitted boundary),H2 engine 0.40,1010.2344032510924,1.8191495856862407,-3.185666347842288,False,4074.208496623253,814.8416993246506,195.39270392644187,-1.7183643682660867,1018.5521241558132,0.0,-1.3665167621560474
2b_y0.55 eq recycle h=0.75,2b_y0.55,0.55,0.75,30.0,0.9625301138167858,64.23430197116903,4622.553778896001,2.550625060225989,3.9171418223820362,-1.3665167621560474,incl. upgrading (base 0.25 kWh/Nm3),fuel cell 0.50,2280.34371175721,3.2850089485097858,-4.651525710665833,False,4074.208496623253,814.8416993246506,1465.5020124325592,-3.4776841270048724,1018.5521241558132,1261.7915876013967,-3.184223731089632
2b_y0.55 eq recycle h=0.75,2b_y0.55,0.55,0.75,30.0,0.9625301138167858,64.23430197116903,4622.553778896001,2.550625060225989,3.9171418223820362,-1.3665167621560474,incl. upgrading (base 0.25 kWh/Nm3),H2 engine 0.40,2280.34371175721,4.106261185637233,-5.47277794779328,False,4074.208496623253,814.8416993246506,1465.5020124325592,-4.005475968217079,1018.5521241558132,1261.7915876013967,-3.6386504733230285
2b_y0.60 eq recycle h=0.35,2b_y0.60,0.6,0.35,20.0,0.9032413253041729,57.5550234782261,4288.927849896131,4.802755435542439,3.634427949915512,1.1683274856269268,excl. upgrading (submitted boundary),fuel cell 0.50,1392.8493164669785,2.006505617959633,-0.8381781323327062,False,3197.2309814347586,639.4461962869518,753.4031201800267,0.08299285871692419,799.3077453586897,593.5415711082888,0.3132856064793317
2b_y0.60 eq recycle h=0.35,2b_y0.60,0.6,0.35,20.0,0.9032413253041729,57.5550234782261,4288.927849896131,4.802755435542439,3.634427949915512,1.1683274856269268,excl. upgrading (submitted boundary),H2 engine 0.40,1392.8493164669785,2.508132022449541,-1.3398045368226144,False,3197.2309814347586,639.4461962869518,753.4031201800267,-0.18834079801057624,799.3077453586897,593.5415711082888,0.09952513669243301
2b_y0.60 eq recycle h=0.35,2b_y0.60,0.6,0.35,20.0,0.9032413253041729,57.5550234782261,4288.927849896131,4.802755435542439,3.634427949915512,1.1683274856269268,incl. upgrading (base 0.25 kWh/Nm3),fuel cell 0.50,2557.116182597586,3.6837207912570267,-2.5153933056301,False,3197.2309814347586,639.4461962869518,1917.6699863106342,-1.594222314580469,799.3077453586897,1757.8084372388962,-1.3639295668180615
2b_y0.60 eq recycle h=0.35,2b_y0.60,0.6,0.35,20.0,0.9032413253041729,57.5550234782261,4288.927849896131,4.802755435542439,3.634427949915512,1.1683274856269268,incl. upgrading (base 0.25 kWh/Nm3),H2 engine 0.40,2557.116182597586,4.604650989071283,-3.436323503444356,False,3197.2309814347586,639.4461962869518,1917.6699863106342,-2.2848597646323183,799.3077453586897,1757.8084372388962,-1.9969938299293086
2b_y0.60 eq recycle h=0.35,2b_y0.60,0.6,0.35,30.0,0.9032413253041729,57.5550234782261,4349.50060735354,4.802755435542439,3.6857571702734604,1.1169982652689785,excl. upgrading (submitted boundary),fuel cell 0.50,1392.8493164669785,2.006505617959633,-0.8895073526906545,False,3197.2309814347586,639.4461962869518,753.4031201800267,0.0316636383589759,799.3077453586897,593.5415711082888,0.2619563861213834
2b_y0.60 eq recycle h=0.35,2b_y0.60,0.6,0.35,30.0,0.9032413253041729,57.5550234782261,4349.50060735354,4.802755435542439,3.6857571702734604,1.1169982652689785,excl. upgrading (submitted boundary),H2 engine 0.40,1392.8493164669785,2.508132022449541,-1.3911337571805626,False,3197.2309814347586,639.4461962869518,753.4031201800267,-0.23967001836852453,799.3077453586897,593.5415711082888,0.04819591633448472
2b_y0.60 eq recycle h=0.35,2b_y0.60,0.6,0.35,30.0,0.9032413253041729,57.5550234782261,4349.50060735354,4.802755435542439,3.6857571702734604,1.1169982652689785,incl. upgrading (base 0.25 kWh/Nm3),fuel cell 0.50,2557.116182597586,3.6837207912570267,-2.566722525988048,False,3197.2309814347586,639.4461962869518,1917.6699863106342,-1.6455515349384173,799.3077453586897,1757.8084372388962,-1.4152587871760098
2b_y0.60 eq recycle h=0.35,2b_y0.60,0.6,0.35,30.0,0.9032413253041729,57.5550234782261,4349.50060735354,4.802755435542439,3.6857571702734604,1.1169982652689785,incl. upgrading (base 0.25 kWh/Nm3),H2 engine 0.40,2557.116182597586,4.604650989071283,-3.4876527238023045,False,3197.2309814347586,639.4461962869518,1917.6699863106342,-2.3361889849902666,799.3077453586897,1757.8084372388962,-2.048323050287257
2b_y0.60 eq recycle h=0.5,2b_y0.60,0.6,0.5,20.0,0.9481214692784142,58.648211192612344,4163.551402335632,4.432782518821553,3.5281842262571557,0.9045982925643976,excl. upgrading (submitted boundary),fuel cell 0.50,980.476735162334,1.412451479225451,-0.5078531866610534,False,3170.825900152088,634.1651800304176,346.3115551319164,0.40571009789657086,792.706475038022,187.77026012431202,0.634100919035977
2b_y0.60 eq recycle h=0.5,2b_y0.60,0.6,0.5,20.0,0.9481214692784142,58.648211192612344,4163.551402335632,4.432782518821553,3.5281842262571557,0.9045982925643976,excl. upgrading (submitted boundary),H2 engine 0.40,980.476735162334,1.7655643490318136,-0.860966056467416,False,3170.825900152088,634.1651800304176,346.3115551319164,0.2809880492296142,792.706475038022,187.77026012431202,0.5664765756538718
2b_y0.60 eq recycle h=0.5,2b_y0.60,0.6,0.5,20.0,0.9481214692784142,58.648211192612344,4163.551402335632,4.432782518821553,3.5281842262571557,0.9045982925643976,incl. upgrading (base 0.25 kWh/Nm3),fuel cell 0.50,2144.7436012929415,3.0896666525228453,-2.1850683599584477,False,3170.825900152088,634.1651800304176,1510.578421262524,-1.2715050754008228,792.706475038022,1352.0371262549197,-1.0431142542614171
2b_y0.60 eq recycle h=0.5,2b_y0.60,0.6,0.5,20.0,0.9481214692784142,58.648211192612344,4163.551402335632,4.432782518821553,3.5281842262571557,0.9045982925643976,incl. upgrading (base 0.25 kWh/Nm3),H2 engine 0.40,2144.7436012929415,3.862083315653556,-2.9574850230891583,False,3170.825900152088,634.1651800304176,1510.578421262524,-1.8155309173921284,792.706475038022,1352.0371262549197,-1.5300423909678704
2b_y0.60 eq recycle h=0.5,2b_y0.60,0.6,0.5,30.0,0.9481214692784142,58.648211192612344,4215.3522513466805,4.432782518821553,3.572080150848116,0.8607023679734374,excl. upgrading (submitted boundary),fuel cell 0.50,980.476735162334,1.412451479225451,-0.5517491112520136,False,3170.825900152088,634.1651800304176,346.3115551319164,0.3618141733056106,792.706475038022,187.77026012431202,0.5902049944450167
2b_y0.60 eq recycle h=0.5,2b_y0.60,0.6,0.5,30.0,0.9481214692784142,58.648211192612344,4215.3522513466805,4.432782518821553,3.572080150848116,0.8607023679734374,excl. upgrading (submitted boundary),H2 engine 0.40,980.476735162334,1.7655643490318136,-0.9048619810583762,False,3170.825900152088,634.1651800304176,346.3115551319164,0.23709212463865392,792.706475038022,187.77026012431202,0.5225806510629115
2b_y0.60 eq recycle h=0.5,2b_y0.60,0.6,0.5,30.0,0.9481214692784142,58.648211192612344,4215.3522513466805,4.432782518821553,3.572080150848116,0.8607023679734374,incl. upgrading (base 0.25 kWh/Nm3),fuel cell 0.50,2144.7436012929415,3.0896666525228453,-2.228964284549408,False,3170.825900152088,634.1651800304176,1510.578421262524,-1.315400999991783,792.706475038022,1352.0371262549197,-1.0870101788523774
2b_y0.60 eq recycle h=0.5,2b_y0.60,0.6,0.5,30.0,0.9481214692784142,58.648211192612344,4215.3522513466805,4.432782518821553,3.572080150848116,0.8607023679734374,incl. upgrading (base 0.25 kWh/Nm3),H2 engine 0.40,2144.7436012929415,3.862083315653556,-3.0013809476801185,False,3170.825900152088,634.1651800304176,1510.578421262524,-1.8594268419830886,792.706475038022,1352.0371262549197,-1.5739383155588307
2b_y0.60 eq recycle h=0.75,2b_y0.60,0.6,0.75,20.0,0.98778901424521,59.59855245486989,5281.671847833779,4.079078578256059,4.475677012499495,-0.3965984342434359,excl. upgrading (submitted boundary),fuel cell 0.50,1115.6054154207584,1.6071146440635173,-2.003713078306953,False,4284.603583076706,856.9207166153412,258.68469880541716,-0.7692534625345531,1071.1508957691765,44.454519651581904,-0.46063855859145303
2b_y0.60 eq recycle h=0.75,2b_y0.60,0.6,0.75,20.0,0.98778901424521,59.59855245486989,5281.671847833779,4.079078578256059,4.475677012499495,-0.3965984342434359,excl. upgrading (submitted boundary),H2 engine 0.40,1115.6054154207584,2.0088933050793965,-2.4054917393228323,False,4284.603583076706,856.9207166153412,258.68469880541716,-0.8624172196073323,1071.1508957691765,44.454519651581904,-0.4766485896784573
2b_y0.60 eq recycle h=0.75,2b_y0.60,0.6,0.75,20.0,0.98778901424521,59.59855245486989,5281.671847833779,4.079078578256059,4.475677012499495,-0.3965984342434359,incl. upgrading (base 0.25 kWh/Nm3),fuel cell 0.50,2279.872281551366,3.2843298173609115,-3.6809282516043473,False,4284.603583076706,856.9207166153412,1422.9515649360249,-2.4464686358319474,1071.1508957691765,1208.7213857821896,-2.137853731888847
2b_y0.60 eq recycle h=0.75,2b_y0.60,0.6,0.75,20.0,0.98778901424521,59.59855245486989,5281.671847833779,4.079078578256059,4.475677012499495,-0.3965984342434359,incl. upgrading (base 0.25 kWh/Nm3),H2 engine 0.40,2279.872281551366,4.105412271701138,-4.502010705944574,False,4284.603583076706,856.9207166153412,1422.9515649360249,-2.958936186229075,1071.1508957691765,1208.7213857821896,-2.5731675563001994
2b_y0.60 eq recycle h=0.75,2b_y0.60,0.6,0.75,30.0,0.98778901424521,59.59855245486989,5339.418304555819,4.079078578256059,4.524611231881212,-0.44553265362515315,excl. upgrading (submitted boundary),fuel cell 0.50,1115.6054154207584,1.6071146440635173,-2.0526472976886705,False,4284.603583076706,856.9207166153412,258.68469880541716,-0.8181876819162703,1071.1508957691765,44.454519651581904,-0.5095727779731702
2b_y0.60 eq recycle h=0.75,2b_y0.60,0.6,0.75,30.0,0.98778901424521,59.59855245486989,5339.418304555819,4.079078578256059,4.524611231881212,-0.44553265362515315,excl. upgrading (submitted boundary),H2 engine 0.40,1115.6054154207584,2.0088933050793965,-2.4544259587045496,False,4284.603583076706,856.9207166153412,258.68469880541716,-0.9113514389890496,1071.1508957691765,44.454519651581904,-0.5255828090601746
2b_y0.60 eq recycle h=0.75,2b_y0.60,0.6,0.75,30.0,0.98778901424521,59.59855245486989,5339.418304555819,4.079078578256059,4.524611231881212,-0.44553265362515315,incl. upgrading (base 0.25 kWh/Nm3),fuel cell 0.50,2279.872281551366,3.2843298173609115,-3.7298624709860646,False,4284.603583076706,856.9207166153412,1422.9515649360249,-2.4954028552136647,1071.1508957691765,1208.7213857821896,-2.1867879512705644
2b_y0.60 eq recycle h=0.75,2b_y0.60,0.6,0.75,30.0,0.98778901424521,59.59855245486989,5339.418304555819,4.079078578256059,4.524611231881212,-0.44553265362515315,incl. upgrading (base 0.25 kWh/Nm3),H2 engine 0.40,2279.872281551366,4.105412271701138,-4.5509449253262915,False,4284.603583076706,856.9207166153412,1422.9515649360249,-3.007870405610792,1071.1508957691765,1208.7213857821896,-2.6221017756819167
2b_y0.65 eq recycle h=0.35,2b_y0.65,0.65,0.35,20.0,0.9533185628548845,54.38055927219059,3873.074322362547,5.866818815716237,3.2820345927795045,2.5847842229367326,excl. upgrading (submitted boundary),fuel cell 0.50,832.3889581147175,1.1991197475842268,1.3856644753525058,True,2488.5916008039194,497.7183201607839,334.67063795393364,2.102665656856636,622.1479002009798,210.24105791373768,2.281915952232669
2b_y0.65 eq recycle h=0.35,2b_y0.65,0.65,0.35,20.0,0.9533185628548845,54.38055927219059,3873.074322362547,5.866818815716237,3.2820345927795045,2.5847842229367326,excl. upgrading (submitted boundary),H2 engine 0.40,832.3889581147175,1.4988996844802835,1.085884538456449,True,2488.5916008039194,497.7183201607839,334.67063795393364,1.982136015336612,622.1479002009798,210.24105791373768,2.206198884556653
2b_y0.65 eq recycle h=0.35,2b_y0.65,0.65,0.35,20.0,0.9533185628548845,54.38055927219059,3873.074322362547,5.866818815716237,3.2820345927795045,2.5847842229367326,incl. upgrading (base 0.25 kWh/Nm3),fuel cell 0.50,1907.0968345429703,2.747318369089513,-0.1625341461527805,False,2488.5916008039194,497.7183201607839,1409.3785143821865,0.5544670353513497,622.1479002009798,1284.9489343419905,0.7337173307273825
2b_y0.65 eq recycle h=0.35,2b_y0.65,0.65,0.35,20.0,0.9533185628548845,54.38055927219059,3873.074322362547,5.866818815716237,3.2820345927795045,2.5847842229367326,incl. upgrading (base 0.25 kWh/Nm3),H2 engine 0.40,1907.0968345429703,3.4341479613618913,-0.8493637384251587,False,2488.5916008039194,497.7183201607839,1409.3785143821865,0.04688773845500416,622.1479002009798,1284.9489343419905,0.270950607675045
2b_y0.65 eq recycle h=0.35,2b_y0.65,0.65,0.35,30.0,0.9533185628548845,54.38055927219059,3918.5570986045964,5.866818815716237,3.3205765965154406,2.5462422192007965,excl. upgrading (submitted boundary),fuel cell 0.50,832.3889581147175,1.1991197475842268,1.3471224716165697,True,2488.5916008039194,497.7183201607839,334.67063795393364,2.0641236531207,622.1479002009798,210.24105791373768,2.2433739484967328
2b_y0.65 eq recycle h=0.35,2b_y0.65,0.65,0.35,30.0,0.9533185628548845,54.38055927219059,3918.5570986045964,5.866818815716237,3.3205765965154406,2.5462422192007965,excl. upgrading (submitted boundary),H2 engine 0.40,832.3889581147175,1.4988996844802835,1.047342534720513,True,2488.5916008039194,497.7183201607839,334.67063795393364,1.943594011600676,622.1479002009798,210.24105791373768,2.167656880820717
2b_y0.65 eq recycle h=0.35,2b_y0.65,0.65,0.35,30.0,0.9533185628548845,54.38055927219059,3918.5570986045964,5.866818815716237,3.3205765965154406,2.5462422192007965,incl. upgrading (base 0.25 kWh/Nm3),fuel cell 0.50,1907.0968345429703,2.747318369089513,-0.20107614988871658,False,2488.5916008039194,497.7183201607839,1409.3785143821865,0.5159250316154136,622.1479002009798,1284.9489343419905,0.6951753269914465
2b_y0.65 eq recycle h=0.35,2b_y0.65,0.65,0.35,30.0,0.9533185628548845,54.38055927219059,3918.5570986045964,5.866818815716237,3.3205765965154406,2.5462422192007965,incl. upgrading (base 0.25 kWh/Nm3),H2 engine 0.40,1907.0968345429703,3.4341479613618913,-0.8879057421610947,False,2488.5916008039194,497.7183201607839,1409.3785143821865,0.008345734719068076,622.1479002009798,1284.9489343419905,0.2324086039391089
2b_y0.65 eq recycle h=0.5,2b_y0.65,0.65,0.5,20.0,0.97955978731325,54.8883392643975,4070.03141494089,5.686531020001953,3.4489355963060997,2.2375954236958537,excl. upgrading (submitted boundary),fuel cell 0.50,773.1285333422987,1.1137505882482095,1.1238448354476442,True,2706.0788761533095,541.215775230662,231.91275811163678,1.9035074168123434,676.5197190383274,96.60881430397137,2.098423062153518
2b_y0.65 eq recycle h=0.5,2b_y0.65,0.65,0.5,20.0,0.97955978731325,54.8883392643975,4070.03141494089,5.686531020001953,3.4489355963060997,2.2375954236958537,excl. upgrading (submitted boundary),H2 engine 0.40,773.1285333422987,1.3921882353102617,0.845407188385592,True,2706.0788761533095,541.215775230662,231.91275811163678,1.8199854150914658,676.5197190383274,96.60881430397137,2.0636299717679343
2b_y0.65 eq recycle h=0.5,2b_y0.65,0.65,0.5,20.0,0.97955978731325,54.8883392643975,4070.03141494089,5.686531020001953,3.4489355963060997,2.2375954236958537,incl. upgrading (base 0.25 kWh/Nm3),fuel cell 0.50,1847.8364097705517,2.661949209753496,-0.42435378605764207,False,2706.0788761533095,541.215775230662,1306.6206345398896,0.3553087953070573,676.5197190383274,1171.3166907322243,0.5502244406482317
2b_y0.65 eq recycle h=0.5,2b_y0.65,0.65,0.5,20.0,0.97955978731325,54.8883392643975,4070.03141494089,5.686531020001953,3.4489355963060997,2.2375954236958537,incl. upgrading (base 0.25 kWh/Nm3),H2 engine 0.40,1847.8364097705517,3.3274365121918694,-1.0898410884960157,False,2706.0788761533095,541.215775230662,1306.6206345398896,-0.11526286179014189,676.5197190383274,1171.3166907322243,0.12838169488632634
2b_y0.65 eq recycle h=0.5,2b_y0.65,0.65,0.5,30.0,0.97955978731325,54.8883392643975,4115.039987424257,5.686531020001953,3.487075760828407,2.1994552591735466,excl. upgrading (submitted boundary),fuel cell 0.50,773.1285333422987,1.1137505882482095,1.085704670925337,True,2706.0788761533095,541.215775230662,231.91275811163678,1.8653672522900362,676.5197190383274,96.60881430397137,2.0602828976312106
2b_y0.65 eq recycle h=0.5,2b_y0.65,0.65,0.5,30.0,0.97955978731325,54.8883392643975,4115.039987424257,5.686531020001953,3.487075760828407,2.1994552591735466,excl. upgrading (submitted boundary),H2 engine 0.40,773.1285333422987,1.3921882353102617,0.8072670238632849,True,2706.0788761533095,541.215775230662,231.91275811163678,1.7818452505691587,676.5197190383274,96.60881430397137,2.025489807245627
2b_y0.65 eq recycle h=0.5,2b_y0.65,0.65,0.5,30.0,0.97955978731325,54.8883392643975,4115.039987424257,5.686531020001953,3.487075760828407,2.1994552591735466,incl. upgrading (base 0.25 kWh/Nm3),fuel cell 0.50,1847.8364097705517,2.661949209753496,-0.46249395057994924,False,2706.0788761533095,541.215775230662,1306.6206345398896,0.3171686307847501,676.5197190383274,1171.3166907322243,0.5120842761259246
2b_y0.65 eq recycle h=0.5,2b_y0.65,0.65,0.5,30.0,0.97955978731325,54.8883392643975,4115.039987424257,5.686531020001953,3.487075760828407,2.1994552591735466,incl. upgrading (base 0.25 kWh/Nm3),H2 engine 0.40,1847.8364097705517,3.3274365121918694,-1.1279812530183229,False,2706.0788761533095,541.215775230662,1306.6206345398896,-0.15340302631244906,676.5197190383274,1171.3166907322243,0.09024153036401916
2b_y0.65 eq recycle h=0.75,2b_y0.65,0.65,0.75,20.0,0.997279616465455,55.23122362992353,4892.210282283848,5.549328332833881,4.145648145428019,1.403680187405862,excl. upgrading (submitted boundary),fuel cell 0.50,1734.4272311713155,2.4985746427437916,-1.0948944553379296,False,3184.783553887781,636.9567107775563,1097.4705203937592,-0.17730975793928927,796.1958884719453,938.2313426993702,0.052086416410370706
2b_y0.65 eq recycle h=0.75,2b_y0.65,0.65,0.75,20.0,0.997279616465455,55.23122362992353,4892.210282283848,5.549328332833881,4.145648145428019,1.403680187405862,excl. upgrading (submitted boundary),H2 engine 0.40,1734.4272311713155,3.1232183034297396,-1.7195381160238776,False,3184.783553887781,636.9567107775563,1097.4705203937592,-0.5725572442755769,796.1958884719453,938.2313426993702,-0.2858120263385022
2b_y0.65 eq recycle h=0.75,2b_y0.65,0.65,0.75,20.0,0.997279616465455,55.23122362992353,4892.210282283848,5.549328332833881,4.145648145428019,1.403680187405862,incl. upgrading (base 0.25 kWh/Nm3),fuel cell 0.50,2809.1351075995685,4.046773264249079,-2.6430930768432166,False,3184.783553887781,636.9567107775563,2172.1783968220125,-1.7255083794445762,796.1958884719453,2012.9392191276233,-1.4961122050949158
2b_y0.65 eq recycle h=0.75,2b_y0.65,0.65,0.75,20.0,0.997279616465455,55.23122362992353,4892.210282283848,5.549328332833881,4.145648145428019,1.403680187405862,incl. upgrading (base 0.25 kWh/Nm3),H2 engine 0.40,2809.1351075995685,5.0584665803113475,-3.6547863929054856,False,3184.783553887781,636.9567107775563,2172.1783968220125,-2.5078055211571852,796.1958884719453,2012.9392191276233,-2.2210603032201095
2b_y0.65 eq recycle h=0.75,2b_y0.65,0.65,0.75,30.0,0.997279616465455,55.23122362992353,4936.370733333193,5.549328332833881,4.183069613727725,1.3662587191061561,excl. upgrading (submitted boundary),fuel cell 0.50,1734.4272311713155,2.4985746427437916,-1.1323159236376354,False,3184.783553887781,636.9567107775563,1097.4705203937592,-0.2147312262389951,796.1958884719453,938.2313426993702,0.014664948110664877
2b_y0.65 eq recycle h=0.75,2b_y0.65,0.65,0.75,30.0,0.997279616465455,55.23122362992353,4936.370733333193,5.549328332833881,4.183069613727725,1.3662587191061561,excl. upgrading (submitted boundary),H2 engine 0.40,1734.4272311713155,3.1232183034297396,-1.7569595843235835,False,3184.783553887781,636.9567107775563,1097.4705203937592,-0.6099787125752827,796.1958884719453,938.2313426993702,-0.32323349463820805
2b_y0.65 eq recycle h=0.75,2b_y0.65,0.65,0.75,30.0,0.997279616465455,55.23122362992353,4936.370733333193,5.549328332833881,4.183069613727725,1.3662587191061561,incl. upgrading (base 0.25 kWh/Nm3),fuel cell 0.50,2809.1351075995685,4.046773264249079,-2.6805145451429224,False,3184.783553887781,636.9567107775563,2172.1783968220125,-1.762929847744282,796.1958884719453,2012.9392191276233,-1.5335336733946217
2b_y0.65 eq recycle h=0.75,2b_y0.65,0.65,0.75,30.0,0.997279616465455,55.23122362992353,4936.370733333193,5.549328332833881,4.183069613727725,1.3662587191061561,incl. upgrading (base 0.25 kWh/Nm3),H2 engine 0.40,2809.1351075995685,5.0584665803113475,-3.6922078612051914,False,3184.783553887781,636.9567107775563,2172.1783968220125,-2.545226989456891,796.1958884719453,2012.9392191276233,-2.2584817715198153
submitted eq recycle h=0.35,submitted,,0.35,20.0,0.9965612299098782,47.35676702556496,4194.720355134433,10.72701659575551,3.5545967277461474,7.172419868009362,excl. upgrading (submitted boundary),fuel cell 0.50,926.1971037876616,1.3342575324672195,5.838162335542142,True,1755.28790723315,351.05758144663,575.1395223410316,6.343887542908236,438.8219768082875,487.3751269793741,6.470318844749759
submitted eq recycle h=0.35,submitted,,0.35,20.0,0.9965612299098782,47.35676702556496,4194.720355134433,10.72701659575551,3.5545967277461474,7.172419868009362,excl. upgrading (submitted boundary),H2 engine 0.40,926.1971037876616,1.6678219155840246,5.504597952425337,True,1755.28790723315,351.05758144663,575.1395223410316,6.136754461632954,438.8219768082875,487.3751269793741,6.2947935889348585
submitted eq recycle h=0.35,submitted,,0.35,20.0,0.9965612299098782,47.35676702556496,4194.720355134433,10.72701659575551,3.5545967277461474,7.172419868009362,incl. upgrading (base 0.25 kWh/Nm3),fuel cell 0.50,2090.4639699182694,3.011472705764614,4.160947162244748,True,1755.28790723315,351.05758144663,1739.4063884716393,4.666672369610842,438.8219768082875,1651.641993109982,4.793103671452364
submitted eq recycle h=0.35,submitted,,0.35,20.0,0.9965612299098782,47.35676702556496,4194.720355134433,10.72701659575551,3.5545967277461474,7.172419868009362,incl. upgrading (base 0.25 kWh/Nm3),H2 engine 0.40,2090.4639699182694,3.764340882205767,3.408078985803595,True,1755.28790723315,351.05758144663,1739.4063884716393,4.0402354950112125,438.8219768082875,1651.641993109982,4.198274622313116
submitted eq recycle h=0.35,submitted,,0.35,30.0,0.9965612299098782,47.35676702556496,4232.575882505421,10.72701659575551,3.586675417701084,7.140341178054426,excl. upgrading (submitted boundary),fuel cell 0.50,926.1971037876616,1.3342575324672195,5.806083645587206,True,1755.28790723315,351.05758144663,575.1395223410316,6.3118088529533,438.8219768082875,487.3751269793741,6.438240154794823
submitted eq recycle h=0.35,submitted,,0.35,30.0,0.9965612299098782,47.35676702556496,4232.575882505421,10.72701659575551,3.586675417701084,7.140341178054426,excl. upgrading (submitted boundary),H2 engine 0.40,926.1971037876616,1.6678219155840246,5.472519262470401,True,1755.28790723315,351.05758144663,575.1395223410316,6.104675771678018,438.8219768082875,487.3751269793741,6.262714898979922
submitted eq recycle h=0.35,submitted,,0.35,30.0,0.9965612299098782,47.35676702556496,4232.575882505421,10.72701659575551,3.586675417701084,7.140341178054426,incl. upgrading (base 0.25 kWh/Nm3),fuel cell 0.50,2090.4639699182694,3.011472705764614,4.1288684722898115,True,1755.28790723315,351.05758144663,1739.4063884716393,4.6345936796559055,438.8219768082875,1651.641993109982,4.761024981497428
submitted eq recycle h=0.35,submitted,,0.35,30.0,0.9965612299098782,47.35676702556496,4232.575882505421,10.72701659575551,3.586675417701084,7.140341178054426,incl. upgrading (base 0.25 kWh/Nm3),H2 engine 0.40,2090.4639699182694,3.764340882205767,3.376000295848659,True,1755.28790723315,351.05758144663,1739.4063884716393,4.008156805056276,438.8219768082875,1651.641993109982,4.16619593235818
