kind,stream,T_in_K,T_out_K,duty_kW,duty_T4_kW,T_lm_K,carnot_factor_lm,Ex_lm_kW,Ex_integral_kW,Ex_over_Q,sensible_kW,latent_kW,Ex_sensible_kW,Ex_latent_kW,T_eff_latent_K
hot,Stage 1 gas 1200->950 K,1200.0,950.0,574.9234884576056,574.9263566582845,1070.1374451822182,0.721390928480937,414.74458914393136,414.85282944965905,0.7215791975426483,574.9234884576056,0.0,414.85282944965905,0.0,
hot,Stage 1 solid C 1200->313 K,1200.0,313.15,584.0641819349065,584.0641819349065,660.1560318318525,0.5483643477850682,320.27997419135437,342.4985830099529,0.5864057300608858,584.0641819349065,0.0,342.4985830099529,0.0,
hot,"Stage 2 gas 950->284 K (condensing, refrigerated below 313 K)",950.0,283.9210472332102,3865.119622317936,,551.4967881225676,0.45938035103526753,1775.560008893714,1389.182961014025,0.35941525664370605,2811.2496294237462,1053.8699928941896,1321.704402070482,67.47855894354302,318.54629669981904
hot,Stage 3 exotherm @650 K,650.0,650.0,3170.825900152088,3170.825900152088,650.0,0.5413076923076923,1716.3924507207878,1716.3924507207878,0.5413076923076923,,,,,
hot,"Stage 3 gas 650->300 K (condensing, refrigerated below 313 K)",650.0,299.92559939078785,1563.784717227476,,452.621200867335,0.3412814083196495,533.6906506041379,338.9904201222711,0.21677563182948015,690.4566829870182,873.3280342404578,241.5346305491905,97.45578957308058,335.6000362152672
hot,Stage 3 solid C 650->313 K,650.0,313.15,94.56422802845415,94.56422802845417,461.2550837748401,0.3536114603659507,33.43899477152044,35.787761060516516,0.3784492487978442,94.56422802845415,0.0,35.787761060516516,0.0,
cold,fresh CH4 298->1200 K,298.15,1200.0,1876.2185194691842,1876.218519469184,647.6573610730973,0.5396485581419193,1012.4986187907117,1091.047371992857,0.5815140191141136,1876.2185194691842,0.0,1091.047371992857,0.0,
cold,recycled CH4 300->1200 K,299.92559939078785,1200.0,151.07893141893098,,649.1502925288937,0.5407072854600473,81.68947889773483,87.95698749330596,0.58219227967272,151.07893141893098,0.0,87.95698749330596,0.0,
cold,Stage 1 endotherm @1200 K,1200.0,1200.0,3275.2825049817966,3275.2825049817966,1200.0,0.7515416666666667,2461.5112725981944,2461.5112725981944,0.7515416666666667,,,,,
cold,fresh CO2 298->950 K,298.15,950.0,708.6802649864694,708.6802649864694,562.4898919855992,0.469946030589945,333.0414774878217,345.71342572065714,0.48782708197364255,708.6802649864694,0.0,345.71342572065714,0.0,
cold,recycle to Stage 2 300->950 K,299.92559939078785,950.0,768.7154115144149,,563.8467089369568,0.47122153011744217,362.2352524386818,372.9478002336419,0.48515717864809377,768.7154115144149,0.0,372.9478002336419,0.0,
cold,Stage 2 endotherm @950 K,950.0,950.0,842.1915835563433,842.1915835563433,950.0,0.6861578947368421,577.8764039381077,577.8764039381077,0.6861578947368421,,,,,
cold,CFR feed 284->650 K,283.9210472332102,650.0,916.3153946684706,,441.9769247980012,0.32541727119291386,298.1848552850716,302.54516833968984,0.3301757998392604,916.3153946684706,0.0,302.54516833968984,0.0,
